Country Code,1990,1991,1992,1993,1994,1995,1996,1997,1998,1999,2000,2001,2002,2003,2004,2005,2006,2007,2008,2009,2010,2011,2012,2013,2014,2015,2016,2017,2018,2019,2020,2021
ABW,,,,,,,,,,,,,,,,,,,,,,,,,,,,,,,,
ALB,11097.69,8755.214,6748.283,6717.65,7541.876,7374.287,7087.288,6353.652,6602.177,7817.44,8135.064,8114.344,8750.98,9087.252,9164.808,8945.949,8845.088,8862.187,8599.893,8638.802,8899.166,9331.294,8879.601,8930.465,9363.005,9223.67,9087.428,9656.962,9453.678,9008.165,,
AND,430.703,432.466,434.228,439.654,437.753,457.835,493.418,510.681,542.6,570.855,588.118,592.75,604.71,613.006,643.286,662.574,637.875,635.16,639.773,622.402,627.015,602.069,599.107,588.817,574.863,579.229,585.851,585.144,617.414,627.58,,
ARE,73251.64,81067.95,79192.71,83618.07,92204.81,97341.08,101712.7,104946.8,106991.1,108829.5,109015.4,123084.4,125395.7,133422.0,141214.0,150104.0,157122.2,168245.0,194018.5,194379.1,201892.5,207492.6,219589.8,230889.5,231796.4,245221.6,252918.7,248686.3,229383.3,243546.7,,
ARG,247302.9,251724.3,256243.3,256815.3,260198.3,262786.5,271992.6,276766.7,282381.4,288709.9,290822.9,284140.3,280476.2,302567.4,318699.1,322740.5,337254.6,349821.8,354272.5,333819.0,339607.0,350250.4,355296.7,364479.9,363148.8,370000.9,373332.2,377205.7,375101.1,369051.9,,
ARM,24409.61,25008.97,14821.08,8584.578,6026.946,6638.24,5574.685,6192.468,6119.394,5616.987,5990.513,6101.525,5773.022,6201.744,6592.249,7316.804,7716.873,8366.114,8885.963,7743.792,7561.357,8203.352,9199.711,9141.848,9132.75,9155.671,9414.462,9250.183,9442.624,9963.242,,
ATG,353.008,366.21,445.265,421.319,427.023,453.079,478.353,512.816,559.982,582.1,601.548,644.671,702.638,739.654,749.274,779.844,849.997,907.645,961.377,1917.101,1029.57,1088.105,1258.904,1046.677,1061.611,1086.616,1124.39,1151.241,1186.174,1217.041,,
AUS,486998.6,486990.8,487651.8,489813.7,495782.4,503549.2,500983.9,507311.1,536324.2,572759.9,596963.5,624780.4,619278.9,539306.3,597431.8,560379.0,603113.2,606470.8,578946.5,593596.9,566440.8,668341.9,667437.1,580875.3,597268.1,596976.3,574453.0,623270.5,617394.1,585981.2,,
AUT,76613.11,80888.64,75073.58,74997.96,75070.89,77551.54,81328.26,80284.97,80281.0,78469.79,78652.6,83003.43,84334.77,89448.28,90274.83,90351.17,88095.24,85058.36,84624.48,77709.74,83505.9,81532.29,78326.86,78869.39,75150.36,76339.48,76725.84,78653.98,75438.5,76917.89,,
AZE,75682.81,73242.61,82315.25,61692.75,42365.89,41483.79,35907.07,35408.07,35791.75,36014.61,37735.56,37190.5,37251.78,39942.95,40075.72,42873.55,44717.67,43293.94,47648.93,43134.2,42019.35,44840.7,48050.13,49259.02,50622.86,50518.14,50858.58,50244.41,51691.29,54803.1,,
BDI,1804.492,1866.982,1859.099,1840.628,1738.046,1798.951,1797.145,1847.772,1876.366,1929.827,1986.306,1962.7,1952.249,1942.384,2000.966,2060.377,2199.969,2275.814,2404.352,2552.021,2875.625,3119.105,3199.02,3599.048,3587.4,3616.525,4002.196,4617.273,4870.014,4559.564,,
BEL,130771.8,135686.4,133733.0,131535.7,136893.2,137057.2,142410.2,139226.4,141989.5,138140.4,138253.8,138681.8,131361.7,134748.6,133303.1,129552.5,126552.8,121886.1,124141.7,117171.5,124744.6,113131.6,111910.4,112891.2,106510.4,111425.6,110377.6,108311.6,109056.5,108064.9,,
BEN,4184.596,4286.22,4369.98,4417.564,4683.91,4478.266,5833.683,6298.355,6529.266,6539.533,7029.308,6504.777,7532.381,7495.746,7589.347,8615.79,8910.96,9651.114,9404.356,10033.28,10476.62,10547.07,10526.99,11163.72,11697.1,12119.52,13819.22,13974.04,15090.01,15016.64,,
BFA,11989.03,12426.52,12717.07,12969.49,13422.13,13809.44,13836.48,14467.68,14694.35,15007.92,16130.01,15386.77,16089.42,19538.81,20082.49,20714.4,20677.94,21314.29,22210.57,22898.14,24488.47,24990.31,25703.4,26650.04,27152.52,28042.42,29419.0,30363.21,31150.55,32209.46,,
BGD,94243.66,94451.5,96595.22,98049.32,100665.2,105826.6,106378.3,108647.3,108689.7,112938.8,115459.3,120441.8,124196.0,126101.8,128187.4,133111.0,138887.2,142168.2,150854.2,155004.1,163176.2,168957.0,172835.0,176776.3,181854.5,192176.2,193958.7,203075.9,208004.1,215942.7,,
BGR,98221.79,81226.78,75409.9,73969.76,70019.56,71235.92,71803.25,68720.98,65136.43,58327.96,57755.76,60135.05,57449.51,62315.87,61068.87,61056.42,61010.64,65183.91,62805.78,55317.36,56962.7,62844.26,57106.48,51956.02,54543.95,57255.09,54193.29,56429.91,53228.67,51283.43,,
BHR,15727.03,15353.83,17555.77,18557.19,19027.88,19740.8,20995.25,22003.98,23765.84,24365.34,25441.79,26283.13,27485.42,28554.93,28801.15,32092.4,34583.44,35787.81,38297.57,38844.26,40810.21,41507.01,43131.83,45927.52,48028.99,48874.51,49347.79,50244.29,51155.76,54408.02,,
BHS,2135.765,2209.471,2742.117,2270.746,2244.768,2387.997,2261.945,2059.373,2563.805,2529.512,2429.222,2430.131,2618.585,2597.806,2504.305,2350.706,2347.31,2374.704,2480.6,6438.78,2359.196,2870.917,3839.584,3115.667,2819.23,2516.202,2357.801,2501.464,3121.243,3162.154,,
BLR,137857.9,132813.6,119059.1,106267.7,93099.06,84964.82,85744.3,86097.81,84029.31,81519.53,78896.77,77606.86,77027.65,78214.07,82203.82,83072.29,86304.93,85087.53,89337.36,86410.44,91028.3,88097.03,89626.18,90112.99,89288.45,84740.0,83891.27,85377.9,88207.33,86834.95,,
BLZ,6543.989,6757.548,6977.369,7043.006,7149.592,6063.775,4894.594,3938.067,2880.014,1786.063,751.205,856.104,938.275,1011.713,818.483,879.587,971.546,1070.387,1081.469,2134.419,1269.574,1430.633,1403.505,1291.631,1278.563,1479.332,1490.85,1493.059,1482.139,1545.762,,
BOL,31223.38,32357.18,33164.45,31852.52,31084.3,29670.13,29330.81,31341.7,31320.35,31758.41,31739.46,31650.72,34337.75,35099.95,38117.36,40498.97,41483.07,42891.64,44358.9,45172.55,50516.03,50825.48,52624.11,54952.34,56202.72,57540.41,59791.07,60180.58,60249.52,60785.47,,
BRA,590336.3,611487.5,621448.8,632775.7,649594.9,676200.3,679294.0,708065.2,732054.7,748826.6,767749.7,792376.5,820652.2,835740.8,880984.5,891000.8,890572.8,914650.6,929708.6,905868.9,991494.8,1010712.0,1049937.0,1080708.0,1118100.0,1095301.0,1063567.0,1079305.0,1046575.0,1057259.0,,
BRB,3107.613,3143.155,3380.085,3230.777,3304.666,3360.544,3366.53,3476.01,3590.063,3638.852,3586.228,3655.821,3705.192,3717.675,3713.304,3755.692,3813.57,3837.446,4152.58,6997.437,3945.485,4173.752,4550.591,3887.132,3728.607,3740.448,3781.224,3687.714,3760.876,3793.393,,
BWA,13044.78,12453.78,12692.96,12346.09,12580.78,13478.03,14622.55,14210.12,13852.7,13889.17,13696.45,15580.46,15921.09,8794.122,9378.462,10785.44,12605.02,10860.9,19589.01,10513.4,20951.81,25805.66,13099.92,14048.5,12766.47,12193.27,11095.76,14886.56,12677.7,11003.76,,
CAF,16866.3,17179.53,17230.16,17274.72,19774.63,19903.29,21914.44,22093.63,24131.03,21800.46,24763.74,20940.25,18694.25,23804.6,21190.33,22229.21,22371.44,22740.85,23880.15,19340.26,21495.21,22799.66,19915.57,21100.97,20645.51,21009.23,22856.7,21352.63,21908.22,19725.46,,
CAN,540382.5,536288.1,550629.6,546631.0,564717.0,579707.5,597667.7,611934.9,620147.8,625312.4,644891.0,636841.3,657762.6,679154.5,676032.2,690539.5,679222.2,712792.9,688188.3,653136.4,669979.2,686500.6,686650.5,698684.0,706322.4,704481.4,704747.6,721006.2,737993.0,736928.2,,
CHE,52782.87,55001.69,54928.22,52571.54,51701.71,52631.47,53248.35,51793.78,53350.35,53482.79,52733.54,54341.7,52711.97,53952.96,54450.74,55169.59,54887.48,52961.47,54586.72,53141.42,54717.24,50604.45,51906.62,52932.38,49122.22,48346.67,48854.84,47875.41,46613.58,46498.64,,
CHL,45262.85,44220.92,45717.87,48270.08,52273.66,56173.91,62720.37,69815.58,70918.98,73777.18,69917.43,67801.8,68405.09,69155.16,74537.81,75133.64,76420.97,84149.83,88877.24,86488.09,91660.08,98096.15,100542.5,103821.7,96454.36,102127.5,106589.8,107511.7,107691.5,113018.9,,
CHN,3240289.0,3387708.0,3516609.0,3746364.0,3905933.0,4309242.0,4330228.0,4325695.0,4443771.0,4376499.0,4568808.0,4761564.0,5068783.0,5718044.0,6503953.0,7266526.0,7946143.0,8555800.0,8810967.0,9386580.0,10218510.0,11098190.0,11385460.0,11878030.0,11938030.0,11818470.0,11800830.0,12035270.0,12471090.0,12705090.0,,
CIV,9303.522,12016.23,14644.99,17328.03,20157.85,20865.0,21648.53,23161.76,23525.57,25715.78,25867.09,25629.04,26040.73,23327.97,21706.74,22980.37,21910.38,21283.3,20955.09,19526.81,19213.43,18882.19,20485.81,21980.64,21882.1,22650.12,23966.51,24350.12,24091.31,24857.53,,
CMR,19518.92,27650.16,27444.16,25137.3,78457.54,78483.91,79219.49,79857.95,81374.45,81391.96,83522.1,82543.39,82308.71,83824.84,82140.13,83538.24,82385.31,83127.54,83037.53,83319.8,83645.13,83347.0,83793.74,85416.98,86550.24,87952.87,89084.81,88959.15,89923.55,90124.86,,
COL,123407.4,124819.2,127939.7,132798.8,135311.7,139333.3,139519.5,145170.2,147133.5,135844.1,139620.6,141919.6,140054.9,141601.1,142877.1,145270.0,146380.1,151338.8,152474.5,156176.9,161137.6,165079.9,163946.5,170901.0,174362.9,175226.2,178211.3,173311.5,181521.1,187338.9,,
COM,258.044,261.775,267.269,274.55,277.585,283.66,287.912,295.617,311.166,321.167,304.267,323.112,328.177,348.064,364.269,363.374,404.568,323.944,350.056,378.22,418.013,416.576,435.206,472.626,459.609,477.61,518.513,586.295,617.621,642.765,,
CPV,225.212,238.368,272.996,278.187,261.49,296.347,278.882,293.574,321.283,352.812,374.468,405.415,441.768,470.148,509.114,614.956,675.502,633.386,651.178,698.788,737.442,726.807,692.184,672.969,669.78,676.657,722.501,747.095,773.613,808.743,,
CRI,8515.254,8807.623,9950.385,10036.0,10447.06,10040.15,10025.79,10063.18,10762.26,10584.38,10436.96,10745.27,10779.51,11133.51,11159.59,11700.93,12034.85,13398.65,13584.4,13140.51,13252.81,13959.6,13914.72,14411.23,14455.99,14317.07,15233.7,15480.05,15757.88,15745.71,,
CUB,54793.93,45603.92,39441.98,36004.3,37442.67,38589.09,41265.1,43501.1,43018.47,43537.46,43927.42,43059.67,41899.3,41071.3,40412.64,40441.33,41489.28,42568.9,41942.57,42670.26,43729.74,43771.1,44826.94,45178.43,43211.49,45171.67,43139.05,41794.54,42275.15,41237.37,,
CYP,5441.301,5967.627,6394.524,6667.186,6922.659,6808.107,7198.366,7280.19,7610.009,7887.73,8154.548,8071.954,8299.419,8972.065,8914.801,9024.705,9162.994,9493.572,9709.289,9538.053,9208.665,8960.972,8444.283,7739.793,8137.045,8213.804,8598.437,8737.908,8557.982,8540.523,,
CZE,181964.6,165257.7,160841.6,156184.9,148889.4,148823.9,150428.8,147951.3,141351.3,133273.6,144098.9,143803.8,138192.2,142543.7,143085.8,140016.7,141015.1,143974.6,138937.3,131316.9,132750.8,129986.5,127305.8,121545.9,118143.8,120462.2,122982.2,122585.6,121214.8,116590.9,,
DEU,1128088.0,1100764.0,1055378.0,1046884.0,1037322.0,1032965.0,1063072.0,1025932.0,1002897.0,965059.9,957533.5,976266.9,960146.4,961378.7,944896.7,922926.9,931728.3,903290.5,906160.3,849687.7,880164.4,850464.2,863675.4,880052.1,839192.2,843880.5,846936.8,829682.4,800955.1,749708.7,,
DMA,187.658,188.849,207.934,201.672,205.531,209.003,180.014,195.271,190.981,188.194,199.004,219.118,184.389,199.069,215.428,224.182,233.889,245.954,248.026,566.753,245.605,244.23,312.963,237.86,245.134,247.817,248.45,232.064,231.859,234.591,,
DNK,68842.58,79665.72,73460.5,76087.92,79722.21,76565.7,90059.61,80390.38,76354.82,73508.96,69713.04,71420.47,70739.94,76260.4,70056.85,66341.81,74072.05,69284.09,65765.81,62875.81,63159.31,57738.72,52649.86,54075.94,49889.77,47880.15,49422.56,47111.27,46575.48,43200.04,,
DZA,120744.8,124917.0,125871.2,134356.9,136298.1,143246.7,146300.4,146237.5,148498.5,153952.7,162622.8,159300.6,165037.9,177644.3,180578.4,188015.3,195857.3,198832.0,204350.5,206662.3,209872.4,215751.9,235433.4,240073.2,253509.9,263142.9,265356.8,268897.1,278029.9,282008.2,,
ECU,36944.11,37637.52,40129.85,41719.6,44912.32,47388.97,51467.35,53359.91,51680.16,48824.04,48124.33,53253.45,52920.62,54065.56,58100.7,59849.51,62354.31,62023.2,63757.18,67266.49,70842.84,70989.68,70845.77,73929.24,75576.25,74092.07,72796.68,71504.86,72672.14,72528.4,,
EGY,134060.0,139637.6,142390.4,147887.5,144169.2,153792.9,161560.1,170417.0,176157.9,186073.8,185767.9,199345.2,204770.6,209928.8,223167.4,244429.5,255398.2,270758.9,280232.8,287560.3,289948.5,297747.7,308462.3,305402.4,311166.2,317375.0,325472.7,338426.6,344822.8,351774.9,,
ERI,3688.301,3699.997,4417.517,3993.685,4182.766,4302.809,4844.317,5341.969,5287.992,5450.916,5545.459,5275.57,5221.13,5367.503,5383.635,5398.072,5163.827,5488.205,5428.816,5477.649,5388.05,5682.358,5767.611,5841.934,5888.083,5927.944,6015.008,6092.985,6278.066,6332.812,,
ESP,275607.1,281702.0,291545.1,276742.5,289652.2,303376.0,296700.6,317951.1,327475.1,352142.7,369365.1,367789.9,384449.2,393427.2,409542.2,424157.4,418145.9,434486.4,401187.8,364432.1,349265.8,348735.1,342354.2,315993.3,314694.3,325275.6,315702.7,332224.7,324881.0,306947.0,,
EST,39519.51,35639.35,27723.34,21870.06,20926.77,19246.46,20099.25,19630.59,19073.87,18082.0,17681.9,18123.16,17681.02,19668.52,19807.83,19952.22,18715.75,22767.01,21199.74,17759.64,21776.85,20907.32,19663.06,22102.77,20748.59,18362.75,18686.55,19440.78,18029.48,12873.96,,
ETH,67454.96,67852.75,68693.12,62805.29,63972.56,64808.29,68072.02,70229.61,76071.45,75643.4,72741.94,76539.6,85842.47,83989.57,86140.76,89439.89,94360.34,104241.7,108345.6,112798.4,117495.9,117076.2,122610.6,127196.1,133501.9,136858.6,142829.5,146533.1,148515.7,150963.1,,
FIN,69661.51,69554.01,66445.74,67689.06,74334.65,70345.75,76795.3,74877.96,71225.84,70373.51,68858.78,74643.96,77008.72,85141.54,81133.9,68916.18,80322.14,78466.14,70348.8,66677.51,74804.83,66774.16,61113.72,61883.47,57822.68,54346.07,57028.08,54159.12,55490.25,51478.64,,
FJI,1713.39,1721.557,1762.773,1821.331,1869.343,1935.254,1979.295,1962.553,1924.69,1908.293,1945.449,2213.924,2044.083,2154.882,2619.849,2428.852,2514.469,2409.816,2132.389,2113.04,2303.292,2259.444,2184.031,2296.827,1879.462,2001.406,2137.37,2325.697,2300.599,2380.337,,
FRA,495849.9,520919.2,506336.6,487345.4,481650.2,490362.3,510103.4,500772.7,516823.3,507635.8,506031.6,511206.8,504279.9,509462.5,507745.7,509039.4,499199.8,492475.7,486457.8,468656.9,472620.6,456715.7,460299.2,461266.6,427768.8,433224.3,433601.6,436177.2,422743.6,414036.0,,
FRO,,,,,,,,,,,,,,,,,,,,,,,,,,,,,,,,
GAB,10233.12,11249.96,11218.45,11546.23,12305.57,13491.69,14432.69,14255.74,15346.09,14335.84,13884.85,13981.6,13371.98,14554.58,14131.61,13865.08,12663.84,11989.67,12681.48,12382.23,13261.09,13247.73,12877.94,13103.85,13452.89,13898.54,14302.74,12863.78,12392.69,13169.28,,
GBR,746347.1,755151.3,737292.7,718741.8,715941.7,708036.8,729556.5,709653.4,707370.3,683413.0,685565.5,694260.2,676113.0,685036.2,679870.5,673968.0,670485.0,655184.1,634809.6,578809.9,591320.6,548391.8,568538.6,551155.7,511661.1,496302.7,476539.7,461611.7,453433.5,440082.7,,
GEO,49764.18,40311.91,32649.88,27124.47,19964.02,16902.43,15384.05,14567.08,14082.66,13830.49,14245.24,11788.71,11230.14,11755.45,11831.4,12381.26,12740.83,13507.82,12609.97,13366.68,13061.4,14453.16,15341.73,16224.96,16825.49,17145.69,17583.01,17456.88,17142.1,17598.6,,
GHA,11897.85,11977.65,12507.42,12726.72,13064.58,13412.39,14334.5,15262.37,17979.52,17374.09,17631.25,16921.14,18176.9,18676.76,17519.84,19762.23,20942.8,21176.91,20980.61,22167.38,23954.67,25950.33,28536.84,30602.02,30140.48,31605.39,32092.0,34203.9,35832.27,37651.57,,
GIN,8409.041,8725.198,9054.501,9413.61,9827.159,10239.75,9703.303,10009.77,11018.92,10790.05,11466.72,12388.0,13534.85,13672.55,13708.71,15146.02,15445.38,15851.34,16427.3,16936.21,19231.26,20515.97,21769.86,21840.22,22355.96,22848.4,25739.56,26301.31,26617.96,28331.0,,
GMB,4285.868,4442.588,4553.047,4673.221,4207.051,3734.066,3464.678,3118.492,2875.145,2553.214,2288.409,2070.691,1849.117,1754.574,1664.318,1528.041,1617.21,1669.487,1811.365,2169.044,2212.07,1899.965,1984.118,2051.141,2190.106,2347.819,2238.794,2269.745,2130.867,2337.244,,
GRC,95216.71,95287.62,97362.47,97724.41,100346.2,104768.8,105849.5,106922.4,110933.2,112040.7,117812.9,118385.6,118774.9,122108.4,121746.9,123837.2,122178.7,125640.6,121741.6,114963.9,108252.2,105914.5,100931.9,93271.11,90187.28,88451.58,87158.64,86770.42,84063.15,78502.91,,
GRD,1840.597,1859.398,1917.451,1912.781,1932.005,1959.871,1992.132,2019.094,2055.962,2070.659,2069.292,2097.777,2127.515,2145.508,2138.641,2162.343,2187.001,2212.354,2238.55,2764.637,2255.916,2285.179,2402.194,2317.025,2263.995,2293.606,2308.93,2329.609,2372.895,2387.209,,
GRL,,,,,,,,,,,,,,,,,,,,,,,,,,,,,,,,
GTM,11297.54,11659.54,12860.88,13501.79,13700.85,14730.61,14547.17,15088.61,16826.36,17334.69,18650.37,19339.87,20518.74,20765.31,21211.6,22553.2,22576.02,24053.87,22850.42,24220.45,24324.54,24915.59,25622.22,26728.21,27934.31,30788.32,32340.52,31774.07,33757.11,35095.24,,
GUY,2609.307,2784.833,2775.4,2913.05,3215.644,3613.919,3684.585,3901.069,3829.514,3954.863,3632.054,3680.414,3567.144,3776.826,3816.552,3452.958,3272.083,3579.964,3735.87,3759.243,3986.535,4084.715,4344.287,4507.129,4718.862,4846.081,4873.461,4975.085,5178.206,5680.19,,
HKG,,,,,,,,,,,,,,,,,,,,,,,,,,,,,,,,
HND,11325.84,11440.6,11750.99,11554.72,12241.49,13005.94,12607.23,12631.28,12880.97,12184.86,12537.8,13417.02,13815.3,15635.37,16456.15,16402.32,17377.11,18086.02,18119.25,18052.21,18298.19,19419.08,19885.01,20409.44,20680.67,21233.4,21153.89,20928.61,22162.89,22388.7,,
HRV,28572.3,22238.65,23235.94,24079.77,24161.84,25472.37,24636.49,26232.03,26591.66,26177.03,25211.63,26030.46,27077.41,28184.51,27910.33,27848.25,28577.18,30083.84,29263.99,26713.36,26153.77,25871.76,23893.47,22802.64,21997.32,22608.68,22670.63,23318.47,22212.91,22257.68,,
HUN,89095.13,84055.7,74165.21,74637.27,74363.41,72651.89,74868.36,73183.68,73114.11,73906.28,70920.45,73043.94,71423.33,74195.77,73079.43,72392.62,71664.69,69496.08,68129.64,62290.82,62249.92,61493.19,57614.53,55255.02,55545.83,58481.3,58875.59,60908.39,61005.79,60586.46,,
IDN,476193.6,495636.9,516351.4,531719.4,552085.0,586500.3,607886.0,632996.9,640552.2,660121.3,666469.1,680427.3,681903.2,703789.1,709518.6,705584.7,727469.9,738266.0,731756.0,747667.5,768882.0,829889.6,834256.5,799100.3,844296.7,849513.1,847582.3,893588.3,958076.1,1002369.0,,
IND,1219554.0,1273252.0,1298279.0,1331218.0,1375475.0,1440608.0,1492171.0,1551532.0,1581956.0,1658414.0,1697226.0,1719686.0,1738531.0,1779369.0,1866495.0,1940032.0,2037300.0,2180787.0,2280999.0,2423802.0,2533993.0,2645627.0,2795864.0,2863836.0,3044960.0,3064543.0,3106343.0,3242172.0,3388915.0,3394872.0,,
IRL,56484.48,57014.17,57184.26,57830.3,59255.0,60067.17,61415.16,62845.1,66135.53,67859.43,71058.25,73291.74,72540.4,72804.05,72029.01,73290.78,73878.32,72140.34,71181.46,65927.92,64567.21,60944.92,62313.93,61362.45,61532.87,63430.56,65997.29,65493.51,63695.3,61475.62,,
IRN,324624.2,352984.6,374787.7,382808.9,415218.4,425733.3,440679.4,459706.8,462126.5,499734.1,527422.3,541863.0,557000.4,593175.9,629768.1,668608.0,711477.5,747387.3,755559.1,778672.7,781817.8,793622.6,793952.4,815308.5,844128.2,844142.3,880988.8,912706.3,925524.8,893723.9,,
IRQ,120280.0,62919.11,88873.28,116225.4,132290.1,130523.7,129071.5,162639.8,153731.2,143558.6,160806.6,169070.2,155416.6,129405.9,150615.8,145785.1,146443.5,142991.1,161607.3,172689.4,188674.2,202034.9,228185.2,241803.8,241977.5,253932.6,276849.7,292605.6,303534.4,320817.0,,
ISL,3343.637,3224.025,3022.133,2983.278,3065.15,2994.628,3252.137,3222.786,3367.864,3337.215,3375.089,3256.067,3315.983,3286.951,3355.702,3314.19,3786.691,3792.273,3683.088,3353.423,3232.892,3039.416,3028.591,3195.981,3256.594,3306.44,2836.462,2893.43,2910.89,2851.035,,
ISR,44108.05,45180.49,47978.53,52049.47,55393.28,59241.24,62355.86,65391.78,66745.48,68959.71,73847.87,73686.29,75662.89,76475.02,77582.69,76231.84,80510.57,83665.77,84350.51,83820.54,89291.65,89082.25,95586.11,87127.22,85289.76,87234.76,86946.38,88473.64,84770.71,87178.82,,
ITA,483256.6,480849.5,477839.2,471878.7,466929.8,492358.6,488924.7,492803.6,504234.4,511859.0,517318.1,515968.0,525255.9,544122.7,555849.3,557229.1,545314.7,538466.8,523489.8,474465.1,483088.3,472474.6,454261.3,422296.1,402581.8,414245.2,409767.8,404497.0,398029.5,389003.8,,
JAM,9011.689,9009.308,9814.684,10014.69,10054.08,10386.83,10723.5,10864.08,11405.91,11690.79,11796.52,11819.16,11993.87,12418.56,12330.52,12286.98,13498.01,13414.92,11011.86,9259.991,8870.305,8960.599,8431.723,8890.513,8699.753,8591.439,9086.854,8743.984,10161.2,9965.399,,
JOR,18628.32,19081.88,21828.41,22555.67,23657.49,23289.46,22522.88,22037.26,21243.14,20308.27,20878.25,20982.18,21768.27,22347.95,23958.75,25481.68,26284.9,27779.39,27043.94,27778.18,27517.17,28458.57,32024.62,32338.66,34485.57,34958.6,35261.33,37067.8,36205.07,36568.12,,
JPN,1181921.0,1197373.0,1210476.0,1203898.0,1261685.0,1277001.0,1291858.0,1279894.0,1233528.0,1259831.0,1276561.0,1254129.0,1286687.0,1294592.0,1286310.0,1287648.0,1266297.0,1302137.0,1235206.0,1176710.0,1234728.0,1293440.0,1336090.0,1348191.0,1305832.0,1270472.0,1261870.0,1246640.0,1204368.0,1166510.0,,
KAZ,296718.2,304777.7,306834.2,271036.4,250003.8,221276.4,195504.6,172149.9,172861.6,157960.2,156871.9,155926.7,182361.4,192696.6,209046.2,222798.6,241831.2,253603.5,300190.2,271196.6,290568.8,305448.3,303254.4,317530.5,268834.2,250218.9,259510.4,279963.5,278541.2,274666.4,,
KEN,34976.95,33706.43,33679.67,33450.75,33683.17,34009.19,33330.13,33028.81,34264.16,36213.15,35043.62,34455.97,35356.4,36299.67,38926.53,39296.81,39519.01,56066.22,57150.55,57346.17,58742.15,60647.65,59558.04,61102.16,63704.46,65911.87,71642.67,68193.01,68700.53,81012.89,,
KGZ,32483.35,30191.48,22586.3,17782.12,12607.43,9920.521,10826.16,10693.58,10932.72,9544.777,9491.194,8882.187,9850.354,10486.39,10631.96,10318.64,10401.89,11650.17,12807.98,12416.53,12053.98,13463.12,16060.02,15561.47,16133.53,16614.69,16194.92,15977.22,18061.6,16907.28,,
KHM,16130.66,15826.56,16358.8,17174.65,15999.58,18637.9,18928.55,19133.81,19218.73,20479.81,19379.77,19389.96,19829.15,21317.28,21182.02,22592.74,24165.8,25321.28,25950.57,27279.79,27846.19,29108.32,28708.0,28694.35,29451.44,31141.81,34158.02,36897.86,38728.72,40061.12,,
KNA,184.71,187.231,229.159,214.692,225.836,233.021,235.091,245.615,265.659,269.191,278.329,294.981,319.678,313.757,323.916,309.874,323.248,340.497,343.435,801.794,342.09,379.913,434.077,322.299,323.615,334.567,342.626,342.619,346.522,350.733,,
KOR,280754.9,308958.3,334393.0,366075.5,394325.1,427285.5,455411.2,481342.7,416076.1,453992.4,511979.2,528822.6,521366.7,529152.7,553064.7,548410.0,556735.0,566658.0,579545.9,593475.5,645516.9,669567.5,673008.0,673438.7,662921.1,683861.1,694678.0,708428.2,715499.2,698457.7,,
KWT,39057.46,10607.59,32097.64,46351.7,54007.1,53825.25,53883.25,56464.17,61225.91,63991.33,69825.49,72924.25,74793.62,79933.95,85097.89,94353.98,97990.83,96009.96,102935.7,103190.1,107358.8,113056.4,117633.4,121870.6,121112.2,125981.9,131717.0,131104.0,133836.4,136691.9,,
LBN,7273.469,8777.033,8840.137,12246.96,13188.4,15485.65,16527.43,18745.78,19103.98,20084.09,18915.63,20241.26,20218.44,20911.49,21471.46,20889.38,19951.71,18885.95,22679.3,26145.24,25252.13,25930.37,28571.79,28550.85,30740.35,32882.39,34053.17,35931.77,34676.75,35209.91,,
LCA,900.718,925.762,1041.49,1045.057,1098.246,1049.847,984.865,908.337,823.336,741.544,644.308,683.942,687.295,703.696,710.932,709.592,746.232,759.176,775.917,1652.283,826.918,888.961,1056.716,817.042,825.06,826.988,835.89,866.467,869.21,881.65,,
LKA,23896.57,23741.44,25507.53,25824.69,26601.82,26719.77,26592.35,24633.81,22128.76,21531.55,20807.77,20561.76,21451.53,22624.47,22775.69,24721.5,23141.36,24082.67,24339.81,23507.1,24771.01,27567.03,29123.5,26585.07,29383.98,33281.87,33865.4,34469.48,33694.73,35985.18,,
LSO,1936.907,1936.403,2098.001,2068.987,2033.822,1966.902,1939.991,1907.23,1830.655,2360.563,2286.651,2265.78,2091.037,2147.155,2092.274,2263.79,2204.233,2271.087,2211.652,2298.855,2305.215,2381.08,2436.653,2322.49,2302.918,2341.398,2355.287,2521.88,2527.254,2526.989,,
LTU,45071.54,46855.98,32087.57,26188.38,24161.06,22578.18,23376.48,23169.64,24065.59,21336.53,19637.93,20088.93,20449.96,20625.34,21606.02,22747.51,22879.28,23891.89,23330.14,19756.11,20563.31,20030.16,19950.52,19056.19,18609.7,18870.4,18899.76,18822.33,18910.5,18934.41,,
LUX,12192.33,12683.61,12378.97,12585.94,11741.01,9595.079,9678.84,9180.638,8506.952,8897.936,9436.711,10008.12,10792.79,11211.03,12663.26,12900.8,12696.98,12109.55,12032.22,11442.67,12039.99,11898.48,11666.86,11135.88,10639.15,10124.98,9846.42,10002.67,10308.89,10481.21,,
LVA,25417.65,23700.36,20984.62,17813.67,14843.44,13091.61,13082.04,12500.53,12062.07,11350.35,10569.1,11113.16,11150.47,11273.44,11359.03,11523.52,12055.43,12476.83,12136.04,11355.07,12492.49,11849.85,11647.43,11574.92,11521.55,11565.81,11404.81,11342.36,11878.58,11704.76,,
MAC,,,,,,,,,,,,,,,,,,,,,,,,,,,,,,,,
MAR,36801.25,38126.15,39223.72,38911.73,42025.7,42723.7,43384.61,45297.02,46203.7,48374.34,49450.41,52998.18,54520.29,54500.41,59106.61,62122.33,64084.43,64842.61,67325.78,67350.86,70779.54,75750.98,77548.66,78042.91,79238.8,81462.89,80263.86,84987.49,86812.01,93084.13,,
MDA,38167.88,32115.01,27101.75,23672.9,20578.83,18541.7,16755.38,15080.56,13617.24,12257.81,11410.15,11636.34,11773.08,12376.71,12367.83,12675.18,12334.7,12559.45,12426.99,11746.16,12663.5,12815.27,12563.38,11690.14,12313.61,12547.46,12762.61,12747.63,13277.3,13387.47,,
MDG,25625.99,25652.94,25914.31,26297.5,26058.19,26514.89,26538.89,26427.12,27370.32,27020.62,26449.45,25306.81,23041.35,25492.16,24277.03,27943.33,26833.45,28416.38,27359.36,28051.71,28246.78,28100.16,29388.15,28033.98,28270.06,28342.31,29564.25,28657.33,28950.74,29584.6,,
MDV,202.691,208.505,276.919,257.334,262.248,321.963,348.25,411.039,389.826,514.813,553.8,576.832,714.124,631.986,853.048,831.669,996.304,999.466,1012.872,1065.247,1122.256,1196.491,1355.514,1371.038,1631.803,1662.404,2096.317,2248.964,2544.21,2600.529,,
MEX,401750.3,420501.9,423431.6,440749.7,467341.0,446880.3,466070.0,488979.9,513921.7,503031.6,530237.3,530799.3,539091.6,562955.2,574618.3,597105.3,618008.3,630473.5,634574.1,625072.0,642911.5,662970.8,672118.6,658478.2,649410.4,667048.8,674001.6,671598.9,654251.0,653873.0,,
MKD,13900.07,13229.01,12649.76,12656.11,12185.0,11810.37,13359.82,12208.55,12941.45,12035.5,11707.94,11762.17,11152.16,11986.12,11773.21,12125.63,12137.57,12630.18,12416.11,11723.54,11566.17,12492.31,11955.47,11074.15,10672.67,10416.57,10362.16,10878.03,10362.86,11249.51,,
MLI,15039.04,15000.0,15000.0,15200.0,15500.0,15800.0,16681.93,16949.76,17940.99,19283.79,21676.63,21336.9,21569.62,22321.11,24584.92,25503.84,25841.17,26788.09,28242.13,28611.22,30849.43,31697.11,32300.78,33597.9,34150.32,35546.16,39985.52,40976.83,42313.38,44154.68,,
MLT,2529.117,2433.306,2411.443,3058.05,2763.559,2633.869,2575.331,2734.703,2639.535,2681.02,2411.282,2784.864,2620.078,2922.098,2928.535,2984.538,3059.146,3147.257,3093.101,2899.223,3005.013,2991.585,3172.587,2843.741,2857.777,2180.451,1884.57,2027.492,2044.551,2139.13,,
MNG,29984.3,32226.17,29995.07,28793.62,26984.7,27908.03,27109.26,27922.68,28314.97,28995.2,29762.51,27243.68,25399.68,25206.43,24995.85,27753.85,30657.63,33383.64,33618.82,34640.77,31961.17,35614.06,39003.82,41456.03,43920.46,45445.76,47856.97,50752.0,52641.02,56052.14,,
MOZ,18442.52,18718.24,19369.24,20091.28,20380.82,20626.01,20428.94,19161.04,21574.31,20815.9,20049.46,21862.9,23813.78,24565.31,24401.6,26289.12,25283.12,25871.22,27223.59,25041.66,27176.37,27282.25,29048.38,30566.6,31681.09,31312.62,32146.85,32746.55,36118.52,35399.87,,
MRT,6772.563,7002.762,6846.706,7058.685,6950.273,7082.772,7605.171,7913.988,8287.331,8803.4,9191.402,9381.386,9521.966,9592.055,9672.904,9655.444,10339.75,10445.16,9594.16,10570.43,11020.62,11093.36,11625.92,11702.11,12198.79,13130.89,13193.35,13379.37,13787.26,14289.63,,
MUS,2304.888,2401.792,2493.918,2648.381,2720.651,2782.474,2955.145,3062.812,3340.996,3867.7,4312.264,4416.707,4434.32,4623.16,4651.359,4838.942,5269.333,5410.285,5517.224,5510.831,5786.683,5835.308,5994.153,6123.672,6329.031,6375.658,6531.426,6726.405,6742.294,6851.641,,
MWI,3179.852,3370.97,3371.48,3503.558,3111.875,3325.07,3477.889,3542.325,3726.078,3766.37,3882.43,3704.352,4048.391,4311.465,4345.088,4458.678,4738.769,5152.553,5722.052,5791.062,6351.355,6615.07,6875.395,7197.118,7670.969,8118.829,8423.09,8996.035,10392.9,10950.78,,
MYS,80377.11,91337.81,94027.32,100700.2,108465.7,115781.2,129157.6,138585.9,138956.9,147930.2,158976.1,164790.0,173455.9,183733.8,199957.3,210697.7,218408.3,236396.1,251692.1,229734.5,250391.4,253766.2,258369.5,277886.4,292802.0,293607.7,293680.2,285387.9,302598.9,313023.6,,
NAM,,9240.278,9193.976,9163.04,9364.477,9468.076,9358.283,9202.186,9867.573,9866.882,10654.95,10750.13,9354.78,10007.28,10496.33,11089.06,12428.13,11800.57,10340.56,13257.72,12671.33,17645.47,19188.67,12370.74,11618.34,11724.62,12298.82,12476.81,11612.7,10658.87,,
NCL,,,,,,,,,,,,,,,,,,,,,,,,,,,,,,,,
NER,12865.66,13328.99,13821.68,14477.3,14974.11,15561.1,16303.48,17022.15,17824.32,18532.87,19013.17,19858.37,20650.8,21552.25,22417.42,23315.86,24243.65,25436.41,26660.44,27998.09,28111.84,29129.67,31172.06,32944.65,34639.85,35847.25,37541.05,38973.42,40817.2,42717.13,,
NGA,219387.9,235364.0,250044.8,246803.2,241788.7,246084.4,262046.3,254380.1,235897.2,225835.9,235926.3,243074.9,227447.6,246706.7,247197.5,251284.8,239559.3,230343.4,236321.8,222733.6,247554.0,258100.4,261674.7,275375.8,285158.7,279343.8,289538.3,293788.1,299624.6,308179.8,,
NIC,9516.959,8152.858,9057.663,9721.282,10032.87,9414.01,9428.378,10174.35,10592.62,11715.85,12247.24,12450.1,12907.49,13910.89,13530.55,13838.13,14151.58,14341.87,14205.27,14272.7,14615.95,15764.91,16151.18,16353.76,17275.19,18248.55,18422.49,18266.89,18272.4,18798.7,,
NLD,202340.1,207660.7,207000.4,212341.3,211978.3,217202.7,228064.9,220010.7,220220.9,207944.3,205955.6,206997.4,206829.2,206783.9,208530.6,202756.5,198110.6,197595.1,194925.6,189852.8,200513.7,187340.0,185724.2,185392.7,178191.0,186454.6,187343.2,183346.6,177262.1,172231.2,,
NOR,46124.5,43525.62,43745.7,46196.6,48147.73,48112.02,48281.41,50023.9,51276.51,53254.61,47690.24,47932.9,47439.01,49458.35,49745.31,48687.89,48985.07,49293.48,47976.81,47540.88,51394.66,49520.35,48314.18,49219.5,48874.05,49270.52,48736.77,47717.02,47508.0,45902.35,,
NPL,21362.61,21613.1,21329.97,22138.46,22884.28,23990.96,24415.08,24918.33,25374.4,26384.38,26758.24,27148.37,26658.93,27184.14,27400.69,28086.79,27899.44,28128.3,29220.47,30848.98,31938.57,33186.84,34237.6,34867.57,36312.3,36262.39,39782.14,42467.15,45625.92,44215.16,,
NZL,71126.66,70791.08,71619.86,70814.15,72296.51,73538.18,73903.17,76398.21,74760.69,77010.58,77195.86,79881.38,81528.31,84023.57,82675.83,84152.41,84325.85,83209.08,83056.87,80248.49,80063.24,79623.47,82177.12,81802.3,82331.94,82189.19,80810.45,82437.77,81805.64,83201.0,,
OMN,19444.61,23548.19,23331.29,24709.36,26603.64,29919.78,30821.53,32080.12,31318.46,34248.92,38545.44,42406.58,44188.32,46150.09,45457.37,45584.54,54054.23,56998.14,56595.26,59526.54,63877.5,71301.71,79515.02,83465.08,87035.95,91480.44,94725.31,94392.41,99521.36,100259.4,,
PAK,159847.8,163207.6,172786.5,182539.1,189165.3,199936.8,207032.5,213706.8,217492.3,230501.7,232812.0,236220.8,242591.5,251928.8,269649.0,278293.0,297756.2,315221.0,317668.0,328282.7,322348.9,331212.5,335273.7,346877.4,360111.9,374507.6,399112.3,425916.7,421617.4,432496.1,,
PAN,7841.477,8334.078,9008.375,9264.768,9553.279,9756.974,9746.93,9686.898,10758.57,9908.129,9994.704,11376.59,10651.5,10840.81,10924.49,12593.73,13121.29,13133.3,13234.17,14817.31,15464.85,16558.28,17258.08,17236.44,17672.03,17649.45,17862.21,17337.42,17498.35,20878.79,,
PER,44275.67,43174.28,43837.5,44909.69,47282.03,52192.28,55915.66,56853.13,57636.29,61870.82,62641.71,60705.8,62566.42,62380.37,66467.06,67712.27,67476.61,71350.89,76417.38,80573.36,85083.76,89531.54,89723.34,91678.09,95438.96,97148.98,100068.8,97635.48,97894.53,100729.5,,
PHL,95522.33,95380.62,97396.63,102819.5,110042.0,121977.4,130509.3,138647.1,131946.4,137295.4,138713.3,137961.6,139581.6,142838.7,146265.5,147300.2,140610.8,146525.6,149773.4,152476.9,157895.2,159809.2,164874.2,175790.8,183374.2,192298.0,204847.2,221060.9,226935.6,234283.3,,
PNG,7987.519,8991.756,10036.29,11101.11,11978.73,13313.15,13124.14,13301.44,13242.29,13146.02,13311.09,13823.66,14077.92,14386.88,15314.03,14801.45,14756.55,14862.85,14557.95,14879.8,14897.16,15883.51,16590.81,17831.5,19513.49,21195.05,22153.11,22247.22,22506.92,22413.8,,
POL,420328.3,419159.9,408204.8,408772.6,403628.0,403421.2,418146.9,407784.6,378842.9,368339.1,354687.4,352128.2,345727.6,357268.2,361509.0,362930.9,377297.4,377835.2,371633.1,356866.3,375312.6,371394.8,364421.8,358621.6,345447.2,348609.6,359421.6,372363.7,370610.1,353140.2,,
PRT,56208.45,57939.17,61976.79,60886.73,62793.48,66557.55,64861.57,67260.43,72404.74,79152.24,78708.78,78046.55,83055.51,78109.79,80104.71,83070.43,77903.73,76532.49,74278.13,73482.27,68070.06,67192.35,65486.06,63796.16,63411.0,67505.09,66450.68,71032.87,66431.83,61380.97,,
PRY,32343.09,29334.57,28622.81,28811.18,28768.94,30736.82,29959.91,30646.9,31097.88,31583.93,30409.61,32600.33,32023.64,34320.88,32482.4,33479.21,33957.99,35984.63,35515.93,37592.85,39952.99,41156.41,42493.93,43946.99,46011.0,46439.22,47404.4,49895.17,48492.87,49553.18,,
PSE,,,,,,,,,,,,,,,,,,,,,,,,,,,,,,,,
PYF,,,,,,,,,,,,,,,,,,,,,,,,,,,,,,,,
QAT,15383.83,18426.63,18017.39,20807.2,23298.7,24011.5,26476.44,33129.74,34449.7,37402.28,38002.18,37544.24,41402.23,44946.04,48255.42,49695.44,55812.14,63227.24,67808.5,69562.68,78533.25,88219.51,96607.17,98527.89,103591.8,106790.7,109368.6,110057.6,109179.4,114756.4,,
ROU,224028.8,185690.7,166012.1,155215.6,151110.9,156668.7,160306.6,148726.7,132722.0,116913.0,120909.0,125880.4,122948.2,127875.4,126238.9,125657.7,129232.1,126882.2,124872.6,109079.2,106226.2,110823.6,108526.3,99247.36,98571.78,100853.7,99339.21,102120.3,102786.8,101236.3,,
RUS,3015019.0,2951940.0,2795391.0,2601070.0,2363087.0,2285603.0,2229070.0,2090163.0,2085049.0,2124197.0,2176118.0,2188880.0,2186665.0,2259719.0,2252258.0,2278875.0,2316550.0,2325779.0,2327754.0,2191802.0,2285025.0,2375293.0,2354331.0,2317628.0,2302335.0,2287294.0,2285747.0,2324573.0,2419471.0,2476835.0,,
SAU,241011.0,274220.3,291770.8,289622.0,289301.1,288631.0,304336.6,310729.2,327054.8,330979.9,347624.8,351275.6,369762.9,391347.8,408203.3,428813.0,451619.5,471683.0,511976.5,524108.9,569678.0,601745.0,638875.0,654853.7,698286.5,731886.0,739816.3,729310.8,715225.3,723147.9,,
SDN,49387.29,50231.92,53840.24,55762.32,60414.97,61389.32,63872.06,67111.79,70281.37,73122.58,77894.01,74146.54,79275.11,81152.1,84135.86,88662.51,88798.82,93668.68,93913.93,95839.32,93909.64,97125.97,98236.13,98443.76,99529.04,102874.7,106117.0,105508.9,106250.1,106061.7,,
SEN,12683.14,12975.22,13418.55,13665.28,13992.69,14269.4,15027.61,15233.79,15480.76,16696.25,17764.69,17535.94,17000.0,16299.28,18388.5,19074.48,19449.43,19591.67,20528.69,21030.53,22097.21,23086.0,22607.01,23800.35,24380.44,25304.4,27407.24,27575.16,27965.68,29234.74,,
SGP,30907.34,34053.8,36684.18,43142.42,46667.14,47979.39,49369.62,49457.67,48800.58,50017.87,54866.59,54792.21,54051.54,50935.25,52411.34,49687.35,50125.01,51384.15,51676.59,52215.14,55953.36,59013.69,58608.78,59504.91,60657.52,62379.85,63779.99,67559.99,66524.37,67231.75,,
SLE,3576.088,3573.191,3570.033,3657.061,3643.756,3425.861,2700.158,2621.066,2573.733,2373.195,2441.206,3109.667,3487.538,4330.121,4731.048,4737.898,6134.619,5456.908,4724.642,5046.993,4800.663,5423.558,6527.587,6486.068,6966.793,6778.97,6888.582,6727.906,6340.321,6075.532,,
SLV,6857.311,7644.374,8018.89,8495.102,9107.925,9377.473,9324.392,10188.04,10300.39,10509.26,10116.53,10759.79,10998.62,11571.98,11924.53,12313.42,12797.45,13369.65,12813.46,12437.64,12188.35,12098.15,12254.75,11477.78,11777.42,12222.44,12249.63,11481.3,11825.42,12823.11,,
STP,59.976,60.734,59.145,59.625,61.682,62.877,63.436,63.906,67.665,68.207,71.58,72.6,78.697,87.283,95.789,101.549,103.384,104.495,112.067,118.486,127.475,126.194,146.614,151.451,150.785,155.868,162.251,170.087,173.478,182.262,,
SUR,2863.199,3220.654,3324.047,3270.44,3307.257,3362.762,3397.686,3373.685,3374.904,3412.133,2717.274,2800.874,2259.623,2452.354,2656.946,2850.754,2798.467,2690.146,2877.169,3011.858,3349.702,3605.71,4087.255,3934.231,4350.364,4452.5,4715.007,4262.66,3905.811,4459.235,,
SVK,66672.25,58593.8,56065.65,53432.37,50758.29,51330.0,51342.16,51206.63,50060.23,48607.34,45987.0,46593.3,46147.96,46404.71,45715.98,46538.93,46100.93,45144.8,45176.07,41534.38,43067.12,41561.61,39202.97,39862.56,37213.68,37645.32,38501.22,40430.69,39877.9,38063.21,,
SVN,17299.07,16295.13,16009.85,16745.67,16803.32,17630.46,18431.9,18899.17,18638.01,17943.57,17745.91,18710.39,18791.87,18753.74,18964.71,19215.14,19547.72,19521.05,20492.08,18514.22,18809.15,18747.67,18135.59,17509.36,16006.46,16104.64,16919.22,17100.32,16970.62,16463.32,,
SWE,68648.49,69252.66,71829.15,71793.5,73624.11,73209.59,78802.69,72599.16,73395.31,72052.0,67956.97,66821.17,68181.59,69174.55,67685.51,63966.78,62442.43,60350.43,59145.07,55175.72,60703.01,56861.16,54047.72,52261.85,50893.98,50853.62,50388.82,49993.65,47188.48,46188.53,,
SWZ,2155.965,2209.805,2277.977,2103.871,2162.129,2208.831,2082.934,2238.331,2278.592,2334.581,2370.627,2191.669,2254.533,2351.161,2366.86,2430.667,2320.933,2379.869,2305.576,2322.587,2333.387,2340.451,2389.264,2467.293,2475.256,2461.925,2541.531,2627.444,2677.81,2788.727,,
SYC,217.99,241.675,243.531,257.241,278.326,276.576,314.269,358.035,377.809,395.521,382.832,412.374,443.197,435.22,477.004,477.957,488.533,507.863,523.725,556.876,555.349,526.596,549.397,543.94,601.344,651.791,722.086,732.41,739.452,776.389,,
SYR,65023.88,73259.19,76941.4,79661.66,82966.37,86549.74,88999.73,89969.55,93849.87,93227.62,93303.58,92511.8,93844.71,94002.81,89294.55,99723.68,102341.1,105316.2,105871.6,102217.8,103367.7,97328.69,77986.25,54734.0,49008.53,46938.57,47450.08,51387.96,48251.7,48478.95,,
TGO,3563.386,3395.438,3091.628,2965.866,3240.485,3202.244,3725.131,3458.056,4313.022,4622.305,4388.159,4107.367,4551.174,5163.827,4887.698,5756.546,5199.343,4901.145,5240.841,6731.927,6562.309,7048.416,6596.807,6485.138,6230.892,6975.358,7385.409,7264.602,7605.567,7886.352,,
THA,158687.4,170511.9,182369.5,198427.1,213391.7,232026.1,253035.0,259825.5,238003.9,249309.0,250962.2,261704.8,272961.4,285615.9,304250.9,313508.6,317419.6,328689.7,333247.0,330724.0,350961.4,352232.1,373845.3,385944.7,379979.4,385005.7,395335.4,402247.0,407141.1,422086.6,,
TJK,17866.62,16973.26,13948.69,11085.08,8578.403,7964.317,7314.632,7551.099,7473.512,6984.97,6617.471,6635.253,6670.936,6823.689,7371.928,7439.92,7930.139,8645.112,9021.628,8699.999,8792.344,9063.632,9857.954,10279.99,11819.94,12418.63,13854.79,15256.51,16624.24,17506.19,,
TKM,111386.6,103321.9,72902.88,79656.96,72476.37,73248.71,69434.4,59665.76,60892.68,74692.17,88760.27,89663.32,94040.6,106023.3,112828.5,115757.7,117539.1,126568.8,131903.8,105037.0,116783.8,136682.1,144422.3,151152.8,151333.6,155077.1,152935.0,152505.5,154969.0,157330.4,,
TON,249.724,263.119,250.149,259.19,263.453,259.09,235.058,241.448,235.584,249.899,234.712,227.043,234.747,257.151,260.455,269.459,284.511,264.203,264.713,275.336,255.163,245.363,249.374,256.608,256.928,259.437,296.74,330.042,309.401,311.339,,
TTO,20086.7,20006.01,19935.96,15794.49,12376.39,11987.89,13060.56,13534.72,13951.6,14378.6,15192.11,16939.52,18600.82,22385.8,23439.11,25511.83,29053.69,29810.38,29476.22,28665.09,31447.24,32458.88,32018.83,32999.52,33026.97,32119.79,28518.25,28738.83,28688.27,28344.39,,
TUN,21249.42,22156.79,23482.4,23719.01,23442.99,23932.77,25320.25,25867.57,27259.15,28748.83,30039.54,30948.6,31076.52,30905.21,32168.85,32863.88,34013.88,35360.01,35900.1,36232.0,38675.36,37619.72,39293.74,39081.7,41424.35,41730.95,40937.84,41209.18,41391.63,41592.96,,
TUR,205439.3,207891.3,215378.0,221668.6,216832.3,231333.3,249038.9,258031.0,259245.7,259126.0,283075.6,261178.9,271454.7,282946.6,288963.7,301420.1,330635.1,360254.5,357384.7,360455.7,370445.2,393037.1,408590.2,399452.7,424701.3,432040.5,458996.4,500913.7,499294.1,488471.6,,
TZA,39830.09,40110.93,40226.71,40849.25,41586.56,45755.12,43922.27,43541.93,47080.71,48106.85,46102.46,47500.26,52036.9,56576.17,56694.25,59998.97,57649.38,60055.57,62151.93,62776.84,66513.6,70003.14,73471.96,77090.41,78026.84,81713.19,81448.3,80551.89,81791.37,83998.3,,
UGA,14311.34,14966.69,15310.54,15643.11,15298.91,16082.14,16907.2,17941.03,19145.85,18533.42,18868.97,19218.32,20211.72,22172.61,22296.57,24266.47,22929.58,25539.89,32036.36,32817.79,34478.8,34468.42,36059.88,36012.24,37060.18,39033.57,40258.88,41268.59,42843.2,43294.0,,
UKR,824832.4,782495.1,692865.1,609386.6,519562.7,495957.5,435389.9,411367.4,383372.1,376874.9,365956.6,366972.7,371565.2,396459.4,370499.6,357352.9,364583.9,373764.2,362709.3,307537.7,327538.1,343288.3,335938.1,331255.5,297017.9,247548.5,259413.1,233339.1,244839.7,233264.2,,
URY,28643.72,30254.95,31862.68,32397.33,32279.45,32473.87,33796.33,33506.92,33097.02,34155.51,32281.75,31904.1,32216.38,33100.8,35009.08,35180.92,37316.37,36276.87,38849.74,38403.77,36006.02,37556.47,38424.34,37431.85,36928.61,36763.09,37094.07,36334.46,36236.51,36117.1,,
USA,5834140.0,5788891.0,5872939.0,5984362.0,6078515.0,6146508.0,6316455.0,6578053.0,6624455.0,6625276.0,6787484.0,6736026.0,6582638.0,6645615.0,6732264.0,6752838.0,6660821.0,6767466.0,6583848.0,6158401.0,6427134.0,6229603.0,6011118.0,6152163.0,6197425.0,6082160.0,5974204.0,5918762.0,6121633.0,6001209.0,,
VCT,153.884,160.439,192.189,201.483,214.547,229.441,226.149,234.668,272.61,268.113,242.793,283.791,307.596,312.744,324.787,327.721,331.454,351.324,337.089,968.945,329.215,348.245,439.483,307.485,348.357,327.401,337.811,308.085,335.739,339.352,,
VEN,251314.2,261251.8,263741.1,272584.9,276121.9,296428.1,318346.1,335112.2,340408.8,323220.0,336624.0,341783.6,337782.3,325241.8,341810.8,355561.4,354973.4,349887.9,362221.1,353626.1,360837.3,358117.7,394471.0,396491.8,393759.6,371124.8,349730.9,320696.3,293718.5,255744.5,,
VNM,73504.02,77227.87,79648.96,84905.2,89773.3,97283.67,105200.7,112967.2,122692.3,127356.6,134891.9,139347.4,152013.3,159717.3,179067.5,188437.3,193386.3,206661.0,217273.4,239548.9,257635.0,262230.2,263495.3,276184.6,291878.9,333640.4,334448.7,342086.8,398894.9,450149.3,,
VUT,481.726,496.238,516.886,544.149,550.671,556.042,577.576,583.435,579.936,589.904,568.863,552.86,545.446,568.358,556.801,572.271,579.98,701.318,699.551,694.163,709.084,732.582,727.878,726.692,785.109,770.324,815.838,812.702,860.835,869.049,,
YEM,17796.79,19554.97,20108.95,21447.02,26310.49,27476.32,28127.82,29896.82,31155.79,33893.72,36864.56,38152.33,38226.83,41804.8,42243.46,44574.75,45857.42,46601.03,46364.13,49558.42,52165.09,48939.02,44503.26,54090.06,52318.71,29460.36,23896.81,23838.55,23855.66,25262.38,,
ZAF,331657.4,327747.6,323970.7,334540.9,341455.6,354339.6,364613.8,381035.8,388526.0,369000.0,373946.6,407958.8,422989.0,446841.0,475521.7,475535.7,478431.8,499380.9,532447.6,511382.0,534119.2,518340.2,538549.1,548353.4,560857.0,536121.0,536193.1,550699.3,549653.6,555431.7,,
ZMB,27456.5,27824.35,27979.57,27532.51,26814.21,26590.5,24719.76,25510.45,27231.88,25514.83,24797.15,25329.99,27612.86,29964.69,30036.96,31290.27,28859.14,29377.87,29797.92,28753.63,31196.56,30893.3,34556.47,35359.62,35417.2,36308.34,36392.21,36700.8,37562.17,37570.79,,
ZWE,32094.52,32377.86,33208.63,29653.79,29375.21,29197.04,31096.75,30039.69,31274.27,33769.14,31161.48,31705.3,28919.36,26450.84,26512.98,27161.75,26145.72,26572.59,24603.53,25656.96,28316.41,30691.57,30715.79,30608.72,28902.91,30697.72,28526.97,28300.6,30831.64,30527.39,,
