,A01,A21,A22,A23,A24,A41,A42,A43,A44,A45,A46,A47,A61,A62,A63,B01,B02,B03,B04,B05,B06,B07,B08,B09,B21,B22,B23,B24,B25,B26,B27,B28,B29,B30,B31,B32,B33,B41,B42,B43,B44,B60,B61,B62,B63,B64,B65,B66,B67,B68,B81,B82,C01,C02,C03,C04,C05,C06,C07,C08,C09,C10,C11,C12,C13,C14,C21,C22,C23,C25,C30,C40,C99,D01,D02,D03,D04,D05,D06,D07,D10,D21,E01,E02,E03,E04,E05,E06,E21,E99,F01,F02,F03,F04,F05,F15,F16,F17,F21,F22,F23,F24,F25,F26,F27,F28,F41,F42,F99,G01,G02,G03,G04,G05,G06,G07,G08,G09,G10,G11,G12,G16,G21,G99,H01,H02,H03,H04,H05,H99
AUS,21.499873737373736,2.0,0.5,11.652056277056277,0.0,2.8571428571428568,0.0,2.0,0.3333333333333333,4.571428571428571,1.5833333333333333,21.016666666666666,162.3903898161014,1.75,6.507936507936508,25.76947496947497,2.163492063492064,3.583333333333333,1.386111111111111,2.45,0.0,1.4999999999999998,2.833333333333333,0.8666666666666666,2.161111111111111,2.5234126984126983,4.980555555555555,2.2222222222222223,4.503571428571428,2.0444444444444443,3.2777777777777777,1.5428571428571427,6.93673227609253,0.125,1.0625,5.7405846069639175,0.0,5.194444444444444,2.375,1.1666666666666663,0.25,14.61838023088023,0.5,6.718849206349207,14.91896551724138,2.6666666666666665,21.92733918128655,3.083333333333333,2.555555555555556,0.0,0.0,0.3888888888888888,1.6863247863247863,15.58095238095238,0.0,2.1273809523809524,1.1375,0.0,19.467732848862703,10.415081525653212,4.867255062944718,5.191620879120879,0.1428571428571428,37.61934731934733,0.0,0.0,0.861111111111111,4.102777777777778,2.8916666666666666,4.448717948717949,0.9,0.4,0.0,2.25,0.0833333333333333,0.0,0.0,0.25,0.875,0.0,0.0,0.0,3.083333333333333,8.767857142857142,6.35,24.945155993431857,6.178571428571429,4.5,15.85,0.0,5.680194805194805,5.1441391941391945,5.142857142857142,7.317973692973693,4.778846153846153,0.1666666666666666,19.16991341991342,0.25,1.6666666666666663,0.3833333333333333,0.1666666666666666,5.847619047619047,3.2666666666666666,0.6111111111111109,0.0,0.75,1.861111111111111,1.25,0.0,42.900235902441786,7.525,0.9166666666666666,0.0,4.221428571428571,53.34761904761904,6.875,3.4333333333333336,4.3538461538461535,6.771428571428571,0.6666666666666666,0.0,4.9240079365079366,0.5,0.0,24.725,13.216666666666669,3.25,52.08809523809524,4.533333333333333,0.0
AUT,25.15833333333333,0.8333333333333333,1.2,5.3,5.691666666666666,2.166666666666666,0.2,5.666666666666666,5.172727272727273,2.333333333333333,1.6,40.19722222222222,135.54534555858086,1.5833333333333333,21.741666666666667,24.61162726162726,3.65,0.3,0.6666666666666666,4.261742424242424,0.0,0.7857142857142856,2.8095238095238093,0.1,25.68253968253968,15.910714285714285,29.60833333333333,2.6166666666666667,6.444444444444444,4.835714285714285,9.125,3.9928571428571424,29.94926152279093,7.041666666666667,2.925703463203462,16.35824841223448,0.0,7.977272727272727,1.5833333333333333,0.0,3.267187856003645,45.024772727272726,19.4,11.797727272727272,2.833333333333333,4.55,62.98844211344211,6.507575757575757,1.0,1.3333333333333333,1.276190476190476,2.4925925925925925,7.574272486772487,9.134632034632034,0.875,12.93369125427949,0.1875,0.0,31.450913996134584,59.75053935715701,14.358955804544038,4.800595238095238,1.3333333333333333,30.31751867413632,0.5,1.25,12.929761904761904,5.7,3.4474206349206344,4.014682539682539,1.6666666666666663,0.0,0.0,2.773809523809524,0.2261904761904761,3.2291666666666665,1.4784188034188033,0.5,4.988095238095238,0.4166666666666666,0.488095238095238,16.326190476190476,24.77063492063492,7.033333333333333,3.9166666666666665,38.22947777197003,36.94722222222222,13.876388888888888,8.0,0.0,12.873809523809523,20.751984126984127,4.619047619047619,13.44534632034632,4.084523809523809,2.0,71.53652194211017,3.05,38.6536075036075,1.4,11.524206349206349,27.342676767676767,15.67738095238095,1.3333333333333333,7.328571428571428,4.592532467532467,4.7333333333333325,0.0,0.0,98.90427330022918,7.533333333333333,1.7,1.3638888888888887,13.470382395382396,40.14563492063492,21.844444444444445,9.383333333333333,7.113888888888888,8.128968253968253,0.775,0.125,3.597222222222222,0.0,0.0,83.64107142857142,36.598412698412695,5.017857142857142,32.393001443001445,32.70833333333333,0.0
BEL,32.15321969696969,3.333333333333333,0.1666666666666666,19.151914983164986,1.5,2.642857142857143,3.5,1.0,1.5,7.033333333333333,6.0625,22.991771885521885,148.7900856228843,4.0,5.516666666666667,44.27355794790005,0.2,0.9333333333333332,1.0,4.749470899470898,0.0,2.575,2.656481481481481,3.824074074074074,1.773015873015873,5.091305916305917,10.1484126984127,2.7013888888888884,0.375,5.25,3.125,2.35,26.932876355670476,2.7575757575757573,1.3,22.43348700519753,1.0333333333333332,11.371428571428572,4.193722943722944,0.3333333333333333,2.714285714285714,42.212896825396825,3.375,5.934523809523809,1.083333333333333,1.2999999999999998,30.36336996336997,3.642857142857143,7.666666666666666,0.0,1.3333333333333333,3.2690656565656564,8.890166546416546,6.208417508417509,16.862301587301587,8.333879791232732,1.65625,0.0,65.05910083843567,87.56072168320352,19.822850288113443,7.924669312169312,21.45911263169328,48.87408827484292,0.4333333333333333,0.6666666666666666,1.85,4.53284632034632,8.007142857142858,2.5625,0.0,0.0,0.0,0.9356060606060604,0.544047619047619,5.125,0.5683982683982685,0.0,5.341414141414141,1.8571428571428568,0.6095238095238095,3.392156862745098,4.066666666666666,9.395238095238096,3.733333333333333,37.94411128087599,9.704761904761904,10.628968253968251,8.254166666666666,0.0,12.220833333333331,5.493650793650794,2.909523809523809,5.724603174603175,5.328968253968254,0.8611111111111112,16.960057997557996,1.3333333333333337,3.945238095238096,0.1666666666666666,0.8333333333333333,18.394227994227997,10.759475709475709,1.646825396825397,1.05,12.2614417989418,2.033333333333333,0.7,0.0,64.44469696969696,17.064484126984127,7.15,1.0,4.766666666666667,45.397709235209234,2.715909090909091,5.005555555555556,10.838888888888889,0.8999999999999999,1.6666666666666663,0.0,4.008333333333334,2.808333333333333,0.0,62.04606582744739,20.45,9.0,73.86958874458874,11.487458228905597,0.0
BGR,0.0,0.205128205128205,0.0,0.5461538461538462,1.0,0.0,0.0,0.0,0.0,0.0,0.0,0.0,3.3384615384615386,0.0666666666666666,0.0,0.0,0.0,0.0,0.0,0.0,0.0,0.0,0.0,0.0,0.0,0.0,0.0,0.0,0.0,0.0,0.0,0.0,0.0,0.0,0.0,0.0,0.0,0.0,0.0,0.0,0.0,1.0,0.0,0.0,0.0,0.0,0.5,0.0,0.5,0.0,0.0,0.0,0.0,0.0,0.0,0.0,0.0,0.0,0.0,1.4666666666666668,0.0666666666666666,0.0,0.0,0.0769230769230769,0.0,0.0666666666666666,0.0,0.0,0.0,0.0,0.0,0.0,0.0,0.0,0.0,0.0,0.0,0.0,0.2666666666666666,0.0,0.0,0.0666666666666666,0.0,0.0,0.0,0.75,0.0,0.0,0.0,0.0,0.25,0.5,0.8,0.0,0.2,0.0,0.0,0.0,0.0,0.0,0.0,0.4166666666666666,0.0,0.0,0.0,0.0,0.0,0.0,0.0,1.1666666666666663,0.0,0.1666666666666666,1.0,0.0,0.0,0.1666666666666666,0.0,0.0,0.0,0.0,0.0,0.0,0.0,0.0,0.5,0.25,0.0,1.0,0.1666666666666666,0.0
BRA,6.18095238095238,0.4393939393939393,0.0,5.147474747474747,0.5,0.0,0.0,1.0,0.0,0.6666666666666666,0.0,7.866666666666667,41.61666666666667,0.0,4.466666666666667,4.895238095238096,2.0,0.0,1.3333333333333333,1.0,0.0,0.0,0.0,0.25,0.5333333333333333,0.2727272727272727,0.0,0.0,0.0,0.0,0.0,0.0,1.9166666666666663,0.0,0.0,2.062962962962963,0.0,0.0,1.0,1.0,0.0,10.833333333333334,0.0,0.0,0.0,1.25,7.022222222222222,3.5,0.1428571428571428,0.0,0.0,0.5833333333333334,1.25,0.75,0.4,0.1904761904761904,0.0,0.0,7.005555555555555,3.761111111111111,2.444444444444444,3.613095238095237,0.3333333333333333,7.055194805194805,0.0,0.5,1.5833333333333328,3.8885281385281374,3.015151515151516,0.1428571428571428,0.0,0.0,0.0,0.5,0.0,0.0,0.0,0.037037037037037,1.95,0.0,0.0,3.2333333333333334,0.5,1.375,0.5,1.95,1.5,0.0,3.736111111111111,0.0,1.3083333333333331,1.45,1.8666666666666667,10.008333333333333,0.9999999999999998,0.2499999999999999,11.537878787878787,0.0,0.65,0.0,0.4583333333333333,0.0,4.94047619047619,0.75,0.0,0.6666666666666666,2.25,0.0,0.0,6.588888888888889,0.8333333333333333,1.0,0.0,2.0,6.622222222222222,1.25,0.0,1.0,0.0,0.0,0.0,0.6666666666666666,0.0,0.0,4.483333333333333,7.649999999999999,0.6000000000000001,7.25,1.8833333333333333,0.0
CAN,29.877681577681575,0.75,1.0,19.77772167615604,0.0,3.7166666666666655,2.0,2.4285714285714284,0.3333333333333333,5.441666666666666,3.452380952380952,15.427777777777775,222.2985713705378,1.583333333333333,12.30757575757576,35.51947287513325,0.05,2.3916666666666666,0.0,3.9607615268329552,0.9688118811881188,0.1666666666666666,5.059523809523809,0.4935897435897435,2.875,10.61845238095238,13.005555555555556,2.1607142857142856,3.766666666666666,0.3333333333333333,2.7932624113475177,0.25,31.73259461127108,0.5928571428571427,0.4444444444444444,11.021587481146303,0.4583333333333333,10.123837535014005,0.6666666666666666,0.0625,2.031746031746032,22.73135429385429,2.35,13.166666666666666,2.172727272727273,6.217099567099567,25.86770524796841,5.066666666666666,0.25,0.0,1.702380952380952,3.921632435025292,7.885592185592185,18.249025974025976,1.3285714285714283,3.519146825396825,3.825,0.0,48.15643488876648,35.599029284218304,18.840503383354623,12.244254819254818,2.057539682539683,44.20945038109811,0.2183583959899749,0.0,0.7252136752136751,5.512179487179488,2.608585858585858,6.542279942279942,1.0499999999999998,0.55,0.0,0.2714285714285714,0.0,1.198051948051948,0.2159090909090908,0.0,2.6484487734487736,0.0,0.5211038961038961,12.641722455720217,3.141534391534392,3.805357142857143,1.9375,19.206109742747675,1.0952380952380951,1.976190476190476,32.324252136752136,0.0,14.66759768009768,10.688095238095238,5.087103174603175,9.31329365079365,5.545634920634921,4.0,29.36780303030303,0.1111111111111111,2.6444444444444444,0.9333333333333332,5.963919413919413,16.189363414363413,7.164010989010989,1.6393939393939394,0.9666666666666666,4.710618548118547,8.377489177489178,0.5,0.0,109.63744426869428,18.9968253968254,29.583308964611486,2.0055555555555555,6.656746031746032,318.47344768830624,7.772222222222222,14.092584360476865,25.63154761904762,9.773544973544974,8.111904761904762,0.0,6.392857142857142,3.1666666666666665,0.0,121.86421609298552,27.53244130731754,19.466408591408587,551.4842956687937,21.37675042924765,0.0
CHE,24.866815243375395,2.292640692640693,3.75,71.92042105007054,12.564686783804431,5.488095238095237,1.5333333333333332,6.68095238095238,13.65,2.6083333333333334,6.855555555555555,96.22932330827068,464.4268396232591,2.5297619047619047,14.61602564102564,65.07401287971942,7.407367149758453,3.216666666666667,2.9444444444444446,21.19535024154589,0.5,1.2,4.816666666666666,0.3333333333333333,13.51904761904762,9.56783832109919,61.52077922077922,15.108333333333334,11.005416649103784,9.59563492063492,2.4,2.688095238095238,45.720651704229816,1.8166666666666664,5.99,28.674986134016173,0.7392857142857141,22.818408327783327,12.052922077922078,0.0,2.723611111111111,28.99081236798628,17.541666666666664,17.674242424242426,5.931818181818182,4.5,120.87446566591304,48.37499999999999,4.083333333333333,0.25,4.858333333333333,4.848483798395883,13.455410386773876,13.58154761904762,3.41547898414685,15.539672813569872,0.0,0.125,103.64895022145195,72.45469601048606,29.384544004470477,4.367617349970292,5.435119047619048,38.70626692995114,0.45,0.0,2.0916666666666663,5.162491373360938,15.603445165945166,4.661742424242424,0.4318181818181817,0.330128205128205,0.0,15.757598039215686,1.3749999999999991,5.761904761904762,2.7669115163796016,7.625,13.145272860917416,1.4166666666666663,1.4928571428571429,9.032552251669898,14.223148148148148,5.483333333333333,19.49583333333333,51.25138583638584,24.1531746031746,19.635714285714283,3.5,0.0,20.952507215007213,15.518930375180377,6.330158730158731,16.781894841269843,12.304040404040403,1.0,86.35182305617087,2.1,12.42777777777778,0.7361111111111109,29.110375816993464,29.62980907980908,6.05999000999001,1.4833333333333334,3.5444444444444443,7.344047619047619,3.642857142857143,0.611111111111111,0.0,207.0269714885561,31.027602513227517,7.825,113.38234126984126,22.82817739968903,56.19798534798535,15.14404761904762,11.493253968253969,8.817460317460318,6.967682317682318,2.162698412698413,0.2,7.430494505494506,1.7833333333333332,0.0,133.2000127921004,105.58705437283022,15.661111111111111,106.2169696969697,32.51185481185481,0.0
CHL,3.911111111111111,0.238095238095238,0.6666666666666666,3.1176046176046173,0.0,0.0,0.0,0.0,0.0,0.0,0.0,1.0,8.27871572871573,0.0,1.0,2.682142857142857,2.0,0.0,0.0,0.946103896103896,0.0,0.0,0.0,0.0,0.0,0.0,0.0,0.0,0.0,0.0,0.0,0.0,0.0,0.25,0.0,1.0,0.0,0.0,0.0,0.0,0.0,0.75,0.0,0.0,0.0,0.0,0.5,0.0,0.0,0.0,0.0272727272727272,0.0272727272727272,0.1111111111111111,0.2222222222222222,0.0,0.0,0.0,0.0,1.047222222222222,0.0,0.0,1.0277777777777777,1.0833333333333333,2.7345238095238096,0.0,1.0,0.0,0.0,0.0285714285714285,0.0,0.0,0.0,0.0,0.0,0.0,0.0,0.0,0.0,0.0,0.0,0.0,0.0,0.0,0.0,0.0,0.0,0.0,0.0,0.0,0.0,0.7619047619047619,1.488095238095238,1.5,1.2055555555555555,0.5,0.0,0.6000000000000001,0.0,0.0,0.0,0.5,0.0,0.0,0.0,0.0,0.5,0.0,0.0,0.0,1.6805555555555554,0.0,0.0,0.0,0.0,0.4285714285714285,0.0,0.5,0.0,0.0,0.0,0.0,0.0,0.0,0.0,0.692929292929293,0.0,0.0,0.5714285714285714,0.0818181818181818,0.0
CHN,25.275,1.0,0.0,11.871410533910534,4.4523809523809526,8.977777777777778,4.0,8.386363636363637,7.699999999999999,21.07857142857143,5.963293650793651,63.50162337662337,284.3864795117736,8.466666666666667,43.050216450216446,43.20381794131794,4.666666666666667,1.754629629629629,0.3333333333333333,13.802579365079366,0.1666666666666666,1.8333333333333333,1.3645833333333333,0.4083333333333333,7.934343434343434,13.796825396825396,14.498412698412698,7.649999999999999,35.58614718614719,8.36111111111111,4.761904761904762,1.5666666666666669,23.6500333000333,1.0833333333333333,1.8222222222222224,20.27378871128871,0.25,12.434259259259258,6.733766233766234,4.0,2.283333333333333,62.36836219336219,6.87012987012987,51.87698412698413,11.15,6.033333333333333,36.37067099567099,16.6,2.333333333333333,0.0,1.386904761904762,15.297949735449734,20.678940596440597,18.91447510822511,12.729464285714286,13.189177489177489,0.0,0.2,109.4746145412322,91.58826926885747,59.36480954230954,13.363949013949012,5.730555555555555,49.202394827394826,0.1,0.0,1.9599206349206348,15.127380952380951,12.61904761904762,6.9642857142857135,2.7333333333333334,0.9444444444444444,0.0,5.811111111111111,0.7666666666666666,1.3166666666666669,8.149999999999999,0.0,27.526587301587305,2.107142857142857,2.4,4.633333333333333,2.658333333333333,6.016666666666667,8.925,19.69825036075036,23.65588023088023,12.946464646464648,3.3166666666666664,0.0,9.647023809523809,7.75,27.631944444444443,27.446031746031743,16.469444444444445,2.5,76.73452380952381,0.9583333333333331,116.33524253524251,1.8513888888888888,6.666666666666666,26.25952380952381,21.975396825396825,2.2111111111111112,2.794877344877345,16.485425685425685,11.777777777777777,2.333333333333333,0.0,115.37056712444644,71.27296296296296,20.63998015873016,2.6333333333333333,14.575,520.9143927686017,20.14007936507936,12.609823399558495,45.91944444444445,31.8125,20.800980392156863,0.0,6.544480519480519,4.023809523809524,0.0,372.4446376771377,111.36342592592592,58.56944444444444,2023.6252927794053,102.60204055204056,0.0
CYP,0.1111111111111111,0.0,0.0,0.6666666666666666,0.0,0.0,0.0,0.0,0.0,0.0,0.0,0.0,2.5416666666666665,0.0,0.0,2.0,0.0,0.0,0.0,0.0,0.0,0.0,0.0,0.0,0.0,0.0,0.0,0.0,0.0,0.0,0.0,0.0,1.0,0.0,0.0,0.0,0.0,0.0,0.0,0.0,0.0,0.0,0.0,0.0,0.0,0.0,0.0,0.0,0.0,0.0,0.0,0.0,0.0,0.0,0.0,0.0,0.0,0.0,0.8472222222222222,0.0,0.0,0.0,0.0,1.0,0.0,0.0,0.0,0.0,0.0,0.0,0.0,0.0,0.0,0.0,0.0,0.0,0.0,0.0,0.0,0.0,0.0,0.0,0.0,0.0,0.0,0.0,0.0,0.0,0.0,0.0,0.0,0.0,0.2,0.0,0.2,0.0,0.0,0.0,0.0,0.0,0.0,0.0,0.0,0.0,0.0,0.0,0.0,0.0,0.0,0.0,0.0,0.0,0.3333333333333333,0.0,0.5,0.5,0.0,0.6666666666666666,0.0,0.0,0.0,0.0,0.0,0.0,0.3333333333333333,1.2666666666666666,0.0,1.5,0.0,0.0
CZE,1.0,0.0,0.5,2.5681818181818183,0.0,0.0,0.0,2.0,0.3333333333333332,0.0,0.0,0.0,20.2001332001332,0.0,2.1111111111111107,2.387445887445887,0.0,0.0,0.0,0.0,0.0,0.0,0.25,0.0,1.75,0.75,1.0,0.0,0.0,0.0,3.5,0.0,0.3333333333333333,1.0,0.0,0.6233766233766234,0.0,0.0,0.0,0.0,0.0,19.61984126984127,0.75,0.25,0.0,0.3333333333333333,2.0,0.25,0.0,0.0,0.0,0.3825757575757574,0.1142857142857142,0.5930735930735931,1.1666666666666663,0.3333333333333333,0.0,0.0,11.677981277981278,5.213095238095238,0.5,0.4761904761904761,0.0,3.009259259259258,0.0,0.0,0.0833333333333333,0.75,1.5,0.0,0.0,0.0,0.0,2.25,0.25,0.0,1.1623376623376624,1.4999999999999998,2.071428571428571,0.0,0.0,0.0,3.0,1.9166666666666663,0.5,6.321428571428571,3.5,1.0,0.25,0.0,0.0,0.5,0.5,0.125,0.5,0.1111111111111111,8.791666666666666,0.0,3.5,0.0,0.0,2.0694444444444446,0.1428571428571428,0.0,0.9166666666666666,1.0555555555555556,2.0,1.0,0.0,11.433333333333334,0.8749999999999999,1.5416666666666663,0.0,4.25,5.211111111111111,1.0555555555555556,4.3,0.7083333333333333,0.0714285714285714,0.25,0.0,0.8611111111111112,1.0,0.0,6.416666666666666,5.934523809523809,1.208333333333333,4.472222222222222,2.833333333333333,0.0
DEU,352.3195788263207,25.316666666666663,35.29011544011544,104.51450400867418,40.00955882352941,19.116666666666667,5.75,21.27316017316017,13.719047619047618,50.93023088023088,24.754761904761903,474.539700162545,1867.6385940128032,30.025992063492065,76.96047286047286,513.0320983425794,43.86005291005291,35.4218253968254,18.016666666666666,162.68603233646223,3.0809523809523807,34.19484126984127,52.959391534391536,3.2150793650793648,188.40896103896105,97.0168358795638,414.1594936082436,94.46392496392497,191.40349927849928,69.07958152958153,62.81516765398344,33.16240481740482,465.9190055448951,49.56428571428571,21.79624542124542,172.58933506294187,9.865476190476189,118.5636304259466,66.67428209045856,11.916666666666666,13.498076351752822,1175.352973877974,105.60148287385128,218.29386724386725,62.40595238095239,147.47642390289448,638.7244830566259,130.8063492063492,60.37500000000001,3.65,9.94672619047619,31.540799419918837,95.97626986167428,72.58248556998556,69.68868959313727,104.43323401816048,16.08023088023088,1.7916666666666663,484.1526437342962,603.6016279286418,263.33044924156866,112.8731143856144,93.1439366189366,326.27851947101175,1.9579831932773104,2.183333333333333,62.02142857142857,59.03688232057797,133.2904357192515,54.05873015873016,13.945804195804197,1.9666666666666663,0.0,44.964629259629255,7.977597402597402,16.397691197691195,29.0856755837262,7.625,160.7578293776316,3.230952380952381,11.818722943722944,84.44813780990252,119.93809523809524,59.907936507936505,56.05,252.26970738956032,321.22929732868755,128.4313492063492,71.19749999999999,0.0,374.5519620950431,399.0629778926851,100.0744708994709,223.96525967318308,163.9581624597047,90.89166666666668,1180.2989154514664,22.541924741924745,172.87976389552475,24.84523809523809,140.61290283790282,355.6017316017316,209.4638696271049,16.572420634920633,41.741410650281615,140.30885764562234,78.13888888888889,36.66666666666666,0.0,1273.4820341804243,187.282515705542,49.92956422232738,8.166666666666666,235.6037037037037,594.7370612125969,115.90681818181818,76.95656814449917,63.92251082251082,75.4922077922078,42.613034188034185,1.0,30.192162698412695,25.19642857142857,0.0,1378.6152152889804,642.756632071632,120.00067155067156,982.6510321349824,304.5724748176472,0.0
DNK,22.848650369238605,2.91517094017094,2.25,26.28317671955779,0.0,0.6666666666666666,0.0,1.3666666666666667,0.0,1.0,0.0,11.77063492063492,157.1201631896716,0.5833333333333333,10.833333333333332,17.996338383838385,2.333333333333333,0.3333333333333333,2.0,5.130952380952381,0.3333333333333333,0.25,3.2666666666666666,0.2,4.404761904761904,1.7000000000000002,1.576190476190476,2.0,1.75,1.3333333333333333,2.757142857142857,1.2833333333333332,29.691468253968253,1.059523809523809,2.488095238095238,7.223941798941798,1.908333333333333,1.0,0.0,1.25,1.0,12.1504329004329,0.0,7.566666666666666,7.492857142857143,2.944117647058824,24.878571428571423,4.1,6.249999999999999,0.0,0.1428571428571428,2.302380952380952,4.981746031746032,2.658333333333333,3.1666666666666674,2.7718253968253967,0.5333333333333332,0.0,21.526949654824367,6.993049719887955,5.875787815126051,6.177489177489178,4.521367521367521,49.33794493321804,0.2294117647058823,1.0,0.0,0.25,1.95,2.1785714285714284,0.0,0.0,0.0,0.5,0.0,0.0833333333333333,0.675,0.0,1.0666666666666669,0.0,0.25,2.05,2.4166666666666665,8.785714285714285,4.416666666666666,36.19400871459695,11.738888888888887,8.75,26.85277777777777,0.0,5.145634920634921,1.769047619047619,77.94690709617181,11.647023809523809,57.73094070961718,0.0,28.312301587301583,0.3833333333333333,5.499891774891775,0.4861111111111111,6.5755772005772,18.53479437229437,7.96060606060606,1.055194805194805,0.0833333333333333,8.105952380952381,0.5,0.0,0.0,54.645788893071504,6.189285714285714,2.646428571428572,0.0,7.498412698412698,26.93452380952381,3.583333333333333,3.958333333333333,3.575,6.875,0.0,0.0,1.300595238095238,0.0,0.0,27.280032467532468,63.79325396825397,3.1166666666666667,93.46190476190476,5.874999999999999,0.0
ESP,33.37777777777778,4.0,6.583333333333333,19.64823232323232,2.5,5.476190476190476,1.8333333333333333,13.166666666666666,0.0,5.261904761904762,0.6666666666666666,30.53333333333333,245.5767177686495,2.619047619047619,9.875,26.36353368853369,1.25,0.3333333333333333,0.0,5.497619047619047,0.0,0.0,1.3333333333333333,0.1111111111111111,3.8928571428571432,5.844733044733045,11.583333333333334,1.2,6.216666666666667,2.1,2.259523809523809,2.575,28.55805860805861,1.0,6.281177156177156,9.927867965367966,0.2857142857142857,6.133333333333333,1.1833333333333331,1.0,3.033333333333333,34.2953823953824,2.8666666666666667,24.21587301587301,12.554545454545456,23.675,49.20222832722832,10.335714285714284,3.733333333333333,0.0,0.4444444444444444,3.2089276220855165,7.990516062884484,6.472222222222221,6.017399267399267,12.82662753912754,0.0,0.2142857142857142,63.775345778527885,14.90944603641972,7.349385799385799,5.481349206349206,1.753968253968254,53.29328726828727,0.1111111111111111,0.0,3.0055555555555555,4.084090909090909,3.407738095238096,2.672222222222222,0.0,0.8444444444444444,0.0,2.125,2.0,1.0,0.4428571428571428,0.0,17.58888888888889,0.0,0.1833333333333333,1.6666666666666663,21.916666666666664,8.248412698412698,7.311111111111111,32.344949494949496,14.849999999999998,7.7,2.1333333333333333,0.0,6.958333333333333,5.020238095238096,27.343759018759016,3.422222222222222,14.050505050505052,1.3333333333333333,40.268253968253966,1.3333333333333333,10.14069264069264,1.5333333333333332,5.767857142857142,59.50238095238095,16.566666666666666,0.15,1.0555555555555554,5.721428571428571,8.833333333333332,1.869047619047619,0.0,57.46745974613621,12.017857142857142,2.851190476190476,0.0,5.253968253968254,55.25497835497836,10.783333333333331,8.912121212121212,11.966666666666669,6.0,0.5833333333333333,0.0,3.6416666666666666,2.666666666666666,0.0,45.42332251082251,35.65595238095238,2.316666666666667,119.25544733044732,22.65757575757576,0.0
FIN,18.863003663003663,0.611111111111111,1.1428571428571428,12.697254053136406,0.0,0.0,0.0,1.0909090909090908,0.4,0.6,0.1666666666666666,7.674603174603175,55.19539837613367,4.525,7.7831612831612835,27.84277111777112,3.492857142857143,2.9916666666666663,0.0,6.390605472958415,0.1,2.076190476190476,0.4,0.4166666666666666,1.8142857142857145,5.743253968253969,6.435994397759103,0.0,5.152380952380952,2.404761904761905,4.43015873015873,3.324242424242424,7.056394096099978,2.05,0.0,9.593878343878345,0.3333333333333333,1.7333333333333334,3.2,0.0,1.583333333333333,17.372294372294373,0.0,4.558333333333334,9.39315476190476,1.25,36.81569264069264,42.61462148962149,0.2,0.0,2.4857142857142858,4.29563492063492,6.0210317460317455,8.466666666666667,7.577686202686202,3.6166666666666663,0.0,0.3333333333333333,6.260096765979118,29.96416722166722,3.213755688755689,9.303757353757351,3.015873015873016,21.20979437229437,0.5625,0.0,3.45,7.195238095238096,13.594139194139194,2.743589743589743,0.8333333333333333,0.0,0.0,0.0,0.0,0.0,1.5095238095238095,0.0,1.931257631257631,0.3846153846153846,0.0,47.3515318015318,2.592099567099567,9.892063492063492,3.45,24.1738455988456,10.564285714285711,5.3845238095238095,9.692857142857145,0.0,5.877777777777777,8.149305555555555,4.342857142857143,3.728571428571428,3.3095238095238093,5.9,28.657543273719742,0.6607142857142857,2.516666666666667,3.324404761904761,13.180104617604616,15.441666666666666,2.05,2.75,1.4249999999999998,8.119047619047619,2.025,0.0,0.0,77.75306637806638,7.259523809523809,2.039285714285714,0.0,8.485714285714286,111.75569338069336,4.852380952380953,3.15,9.616305916305915,6.032509157509157,1.0714285714285714,0.6666666666666666,5.757478632478633,0.5095238095238095,0.0,44.70972222222222,50.8,8.642857142857142,305.2374579124579,12.241341991341992,0.0
FRA,121.76922724456308,15.233333333333334,1.5833333333333333,72.65472863193452,3.625,6.030952380952381,7.583333333333334,16.425,4.927777777777777,53.43802308802309,11.766666666666666,105.0291448317764,890.6655427863353,16.95,48.149206349206345,149.70098433486592,8.085714285714285,4.195238095238095,1.7166666666666663,54.08533242745428,0.0,4.894444444444445,6.440476190476191,2.5370370370370368,16.8531746031746,16.785957098457096,53.49026251526252,24.959126984126986,28.35751199704688,7.729166666666667,6.583333333333333,5.063263125763125,137.21991767387007,7.583333333333333,8.192857142857143,49.01453375223154,1.5400793650793647,22.804184704184703,20.54484126984127,2.45,7.194246031746031,438.9611536124694,32.041666666666664,103.36334586466164,34.98809523809524,120.74565073341164,204.77391811404968,28.744444444444444,17.3,2.0,20.94246794871795,23.030677114423245,43.44096505561289,33.4224987974988,48.339754689754685,73.64834471084471,5.581249999999999,6.15,221.65840411269943,179.62001510515054,66.93199957139034,57.975840172899,11.750992063492063,195.43531378337963,0.1,0.0,16.833134920634922,22.54338023088023,26.181037414965985,13.23336924513395,9.138095238095238,1.4053418803418802,0.0,6.957088744588744,2.350396825396825,5.249206349206349,9.985636585636586,0.25,30.97261534761535,11.083150183150185,5.631818181818182,9.293505106005108,19.35396825396825,36.00039682539683,13.233333333333333,113.79648107448108,76.96111111111111,47.74761904761905,33.79815323565324,0.0,88.05972222222222,131.30378415947675,20.53690476190476,40.53730109759522,45.56151577180989,5.783333333333333,255.4050407925408,23.047619047619047,33.80357142857143,2.3666666666666667,35.6463233246515,91.97225274725274,48.05806610543453,5.7023809523809526,8.895833333333332,38.52872944049415,18.26904761904762,20.75,0.0,517.1021867063955,105.50496031746032,19.84503968253968,17.454166666666666,39.37129724280887,468.7617354867355,41.32308802308802,36.00833333333333,35.42619047619048,20.75595238095238,35.276984126984125,0.1666666666666666,9.982936507936508,29.65,0.0,527.2543711843712,178.1418217893218,101.1,793.8826451326452,74.15661255411256,0.0
GBR,65.71729571082511,5.258874458874459,1.1833333333333331,47.26076168413629,18.12440476190476,8.438888888888888,1.5,5.119047619047619,5.142857142857142,20.85935900236359,5.928571428571429,99.3945105820106,711.519495603747,21.44404761904762,36.764066489066494,96.66143106893108,4.662037037037037,3.3300144300144296,2.311111111111111,20.133544927294928,2.670238095238095,4.608730158730158,8.216666666666667,0.465079365079365,16.51825396825397,17.362256697550816,30.655952380952375,6.414285714285714,8.104734219269103,14.819047619047616,2.583333333333333,2.5289682539682534,36.24670378640967,1.6845238095238098,3.291005291005291,27.50573617558912,1.5987012987012983,15.043013468013466,11.066666666666666,1.9361111111111111,3.2416666666666667,71.78288024110392,5.394444444444445,23.816733266733262,17.293073593073593,60.969755081519786,126.77767268000706,9.841666666666669,3.679365079365079,1.25,10.353174603174605,11.288784173342998,17.007574925074923,20.202831890331893,7.387433862433863,11.066804954304954,0.9166666666666666,0.0,160.54057360081788,67.57611182632964,57.26216790067142,56.4127152014652,52.36923558897243,89.06164593934331,0.0,0.0714285714285714,3.540909090909091,13.664235764235764,17.64745670995671,8.603715728715729,4.650118835412953,1.3095238095238095,0.0,2.222707749766573,1.488095238095238,1.8174603174603168,2.1287296037296035,0.0,12.77789502164502,1.3444444444444446,2.645177045177045,3.695600967659791,18.25702614379085,16.50357142857143,14.274404761904762,53.75880230880231,19.853571428571428,21.277380952380952,90.75162337662336,0.0,76.46199420335576,59.35059098668938,29.71269302592832,54.80942407265937,62.8122336032822,5.321428571428571,147.58148714031066,8.325937950937952,16.09404761904762,2.590786749482401,26.814122592383463,46.87377344877345,15.989197613980222,2.118055555555556,1.2777777777777777,13.941738816738814,13.37735597735598,6.7333333333333325,0.0,375.02165645542925,50.75902708402709,11.873168498168498,1.3857142857142857,20.88029380180543,293.5285602802141,21.7879329004329,29.11709956709957,27.656166056166057,19.55930735930736,9.544705294705295,0.0,19.0156746031746,4.766666666666668,0.0,249.03109916425305,135.18789386568025,66.91663793722617,469.78001165501166,45.69912811525304,0.0
GRC,1.5,0.6666666666666666,0.0,1.0333333333333332,0.0,0.0,0.0,0.0,0.0,0.0,0.0476190476190476,0.3333333333333333,12.870639776889776,0.0,1.0,2.2726190476190475,0.0,0.0,0.0,0.1111111111111111,0.0,0.0,0.0,0.0,1.8333333333333333,0.0,0.0,0.0,0.0,0.0,0.0,0.625,0.6962962962962963,0.0,0.25,4.482539682539683,0.0,0.611111111111111,0.0,0.0,0.125,0.7142857142857142,0.2,0.5,1.0,0.0,2.464285714285714,0.0,0.0,0.0,0.0,0.0833333333333333,0.6547619047619047,0.4,0.0,0.6428571428571428,0.1428571428571428,0.0,4.222765157547766,1.776190476190476,0.4047619047619047,1.0,0.1111111111111111,0.4791666666666666,0.0,0.0,0.0,0.0833333333333333,0.4444444444444444,0.3055555555555555,0.0,0.0,0.0,0.0,0.0,0.0,0.0,0.0,0.0,0.0,0.0,0.0,1.725,0.0,0.0,3.696428571428571,0.0,2.0,0.0,0.0,0.4166666666666666,0.0,2.953703703703704,0.2,1.0833333333333333,0.0,1.7857142857142856,0.0,0.0,0.0,0.0,0.6666666666666666,0.3,0.0,0.0,0.738095238095238,0.0,0.0,0.0,3.09375,0.0,0.0,0.0,0.0,2.916666666666667,0.9142857142857144,0.0,0.5,0.0,0.2,0.0,0.25,0.0,0.0,1.625,0.3333333333333333,0.2916666666666666,6.791666666666667,0.1666666666666666,0.0
HUN,1.7222222222222223,0.0,0.0,1.9952380952380957,0.0,0.0,0.0,0.0,0.0,0.0,0.0,3.333333333333333,32.86944444444445,1.3333333333333333,2.0,4.169444444444444,0.0,0.2222222222222222,0.0,0.5810457516339869,0.2,0.0,0.0,0.0,0.0,0.3333333333333333,0.1666666666666666,0.0,0.3333333333333333,0.0,0.0,0.4444444444444444,0.4999999999999999,0.2222222222222222,1.0,1.1111111111111112,0.0,0.0,0.0,0.0,1.0,6.111111111111112,0.2,6.444444444444444,1.0,0.6666666666666666,6.0,2.0,2.0,0.0,0.3333333333333333,0.4857142857142856,0.25,0.8805555555555555,0.0,1.6666666666666663,0.0,0.0,11.319944789510007,3.1999299719887957,0.6186274509803922,1.111111111111111,0.0666666666666666,5.866666666666666,0.0,0.0,0.1428571428571428,0.738095238095238,0.0,0.0,0.0,0.0,0.0,0.0,0.0,0.0,0.0,0.0,1.0666666666666669,0.0,0.0,0.0,0.0,0.0,1.0,2.1666666666666665,4.35,0.3333333333333332,0.2,0.0,0.8999999999999999,2.811111111111112,1.3333333333333333,0.8,0.6666666666666666,0.0,5.944444444444445,0.0,2.6825396825396823,0.0,0.25,0.5,0.0,0.0,0.3333333333333333,3.05,0.0,0.0,0.0,3.4482142857142857,2.8095238095238093,0.0,0.0,2.333333333333333,4.770634920634921,0.0,0.0,0.2777777777777777,0.0,0.0,0.0,0.3,0.0,0.0,5.53968253968254,2.0875,0.1,37.53492063492064,4.0,0.0
IND,3.396666666666666,1.0,0.0,8.326190476190476,0.1249999999999998,0.0,0.0,0.0,0.5,0.0,0.9166666666666666,1.8166666666666669,201.1817088544016,1.8888888888888888,0.0,18.136742424242424,2.583333333333333,1.6,0.0,1.9623015873015872,0.0,1.0,1.4166666666666663,0.0,0.5799999999999998,0.4523809523809523,0.2466666666666666,0.3333333333333333,0.0,1.0,0.0,0.5,2.827380952380953,0.0,0.0,1.9047619047619049,0.0,0.0,0.0,0.0,0.0,5.606220238095238,1.1666666666666663,0.125,1.0,1.4222222222222225,4.166666666666666,0.1666666666666666,0.0,0.0,0.300595238095238,3.0786181139122317,6.697041847041847,2.821428571428571,1.2,2.677871148459384,4.2,0.0,120.26609269045876,12.416829004329005,3.2493105423987774,9.488023088023088,8.151785714285715,22.090708101422383,1.8333333333333333,0.25,1.875,1.25,1.5920634920634922,0.3787878787878787,0.0,0.0,0.0,0.8999999999999997,0.3333333333333333,0.2777777777777775,0.0,0.2222222222222222,3.3777777777777778,0.0,0.5555555555555556,1.386904761904762,0.5,0.0,1.0,0.4761904761904761,2.5,0.0,3.838935574229692,0.0,11.484722222222222,6.724255952380952,11.428571428571429,2.9628968253968253,12.725396825396825,0.6666666666666666,10.0,0.0,1.0,1.2,3.476190476190476,2.466666666666667,2.1333333333333333,0.2,0.625,1.6444444444444444,0.6666666666666666,0.3333333333333333,0.0,21.39186507936508,1.7333333333333334,1.1333333333333333,0.0,9.969047619047618,85.59642857142856,1.75,1.925,4.017857142857142,4.776190476190477,1.5583333333333331,0.0,3.0,0.0,0.0,20.075714285714287,17.888492063492063,9.426190476190476,100.01984126984128,1.5595238095238095,0.0
IRL,3.1833333333333336,1.0,0.0,5.898210064167511,1.0,1.0,0.0,0.0,0.0,0.0,0.0,5.1761904761904765,72.32264122550026,0.0,3.6,6.838189588189588,0.0,0.0,0.0,1.6083333333333334,0.0,0.6666666666666666,0.5,0.6666666666666666,0.0,0.2367965367965367,1.7476190476190476,0.0303030303030303,0.6666666666666666,0.0,0.1666666666666666,0.0,2.45,1.0,0.0,1.0473484848484849,0.0,1.9166666666666663,0.0,1.0,0.0,1.35,0.0,1.0,2.1666666666666665,0.0,6.683333333333334,3.0,1.0,0.0,0.0,1.3166666666666669,1.0,3.5,0.0,1.1541666666666666,0.0,0.0,8.976339285714285,4.075606338106338,4.680176767676768,0.9615384615384616,0.0,2.162793884602395,0.6666666666666666,0.0,0.0,0.6064935064935064,0.3088744588744588,0.0,1.0,0.1111111111111111,0.0,0.0,0.0,0.0,0.0,0.0,0.5,0.0,0.0,0.0,1.9,1.75,0.625,5.533333333333333,1.5666666666666669,3.0,1.0636363636363635,0.0,0.1666666666666666,0.0,2.816666666666667,1.0555555555555556,1.7666666666666664,0.0,1.5606060606060606,0.0,2.4642857142857144,0.0,1.3076923076923073,1.6547619047619049,0.0,0.0,0.0,0.25,2.0,0.0,0.0,21.164041514041514,3.392857142857143,1.1238095238095238,0.0,2.0,17.529473304473306,1.8666666666666665,2.083333333333333,1.4166666666666667,0.0,0.6666666666666666,0.0,2.984523809523809,0.0,0.0,16.404978354978354,5.025432900432901,8.375541125541126,40.24722222222222,1.0178571428571428,0.0
ISL,1.5606060606060606,0.0,1.2857142857142856,0.9285714285714284,0.0,0.0,0.0,0.0,0.0,0.0,0.0,0.0,6.166666666666667,0.0,0.0,0.0,0.0,0.0,0.0,0.0,0.0,0.75,0.0,0.0,0.0,0.0,0.0,0.0,0.0,0.0,0.0,0.0,0.0,0.0,0.0,0.0,0.0,0.0,0.0,0.0,0.0,0.0,0.0,1.0,0.5714285714285714,0.0,1.596320346320346,0.0,0.1428571428571428,0.0,0.0,0.0,0.0454545454545454,0.0,0.0,0.0,0.0,0.0,0.0227272727272727,0.0,0.0,0.1363636363636363,0.0,2.5,0.0,0.0,0.0,0.0,0.0,0.0454545454545454,0.0,0.0,0.0,0.0,0.0,0.0,0.1856060606060606,0.0,0.0,1.3598484848484849,0.0,0.0,0.0,0.0,0.0,0.0,0.0,0.0,0.0,0.0,0.0,0.0,0.0,0.0,0.0,0.0,0.0,0.25,0.0,0.0,0.0,0.0,0.2857142857142856,0.0,0.0,0.0,0.0,0.0,0.0,0.5,0.0,0.0,0.0,0.2,0.0,0.0,0.0,0.0,0.0,0.0,0.0,0.3333333333333333,0.0,0.0,0.0,1.0,0.0,0.6666666666666666,0.0,0.0
ISR,13.99114906832298,0.5818181818181818,0.0,5.128457653457653,0.5,0.2,0.0,0.0,0.25,5.636904761904761,2.5,7.921428571428572,340.0936337657329,0.0,7.463963813963814,16.037811306340718,0.5,0.0,0.6,2.486111111111111,0.0,0.0,0.3333333333333333,0.5515873015873015,0.4761904761904761,2.095238095238095,30.98690476190476,0.0,7.157509157509158,0.3928571428571428,0.0,0.3333333333333332,4.017777777777778,0.0,0.0,3.903463203463204,0.25,10.363095238095235,0.5,0.0,0.2777777777777775,10.95858585858586,0.0,6.773809523809524,0.3333333333333333,3.333333333333333,9.385714285714286,1.0,0.1,0.0,0.0,2.319047619047619,3.6428571428571423,7.119047619047619,1.1166666666666667,2.3809523809523805,0.357142857142857,0.25,26.37493117778257,7.297987225193107,6.658492063492064,2.0,1.3333333333333333,21.294072062415,0.1666666666666666,0.0,0.0,1.8571428571428568,2.1081349206349205,0.2638888888888888,0.0,0.0,0.0,0.9007936507936508,0.0,0.0,0.0,0.0,1.2253968253968253,0.0,0.0,0.0555555555555555,0.0,0.5,3.166666666666667,2.0388888888888888,3.5,3.0,0.0,0.0,3.757738095238095,1.8309523809523809,1.7714285714285714,1.6,2.05,0.0,11.3,0.0,1.5909090909090908,0.663690476190476,1.1,16.312445887445886,3.3571428571428568,0.0,0.2,1.420238095238095,13.374242424242423,1.3333333333333333,0.0,67.11090909090909,16.65,15.083333333333332,1.7499999999999998,3.805128205128205,114.68785079862668,4.616666666666666,6.428396548264098,5.414194139194139,3.325,3.119444444444444,0.0,8.281547619047618,0.2222222222222222,0.0,23.18070401820402,13.137354312354312,10.947619047619046,131.60045127141422,7.2625,0.0
ITA,59.09444444444444,13.504761904761905,6.340909090909091,42.36150793650794,2.7916666666666665,9.463888888888889,11.11111111111111,45.827777777777776,10.083333333333332,10.506493506493506,4.5445887445887445,147.93392857142857,396.98831249349576,6.840909090909091,23.92023809523809,56.90877178377178,5.2333333333333325,4.555555555555555,1.4,32.013636363636365,0.3214285714285714,7.256746031746032,6.8273809523809526,3.2222222222222223,37.64709595959596,10.10515873015873,58.450529100529096,18.08333333333333,19.008333333333333,15.169430569430569,22.404761904761905,14.992532467532468,105.86385881418776,8.85,9.866666666666667,26.08337906503541,0.376068376068376,16.117857142857144,12.466666666666669,1.85,8.74090909090909,149.38753949157174,15.545238095238094,54.16208791208791,33.01855158730159,12.458333333333332,252.47300616050617,29.05,26.016071428571426,1.2777777777777777,2.6071428571428568,4.324999999999999,16.031893106893108,24.23641774891775,10.275396825396824,13.295238095238094,1.6595959595959595,0.6666666666666666,101.03436038935266,101.47008038258038,14.445021645021646,17.46492673992674,14.756944444444445,53.68362748362748,0.5333333333333332,1.7499999999999998,5.971428571428571,4.267857142857143,10.041666666666666,10.241666666666664,1.75,0.0,0.0,11.874242424242423,0.8388888888888888,3.4486928104575165,7.085858585858586,5.833333333333333,101.85693843193845,1.9714285714285715,3.17979797979798,14.301803751803751,17.866666666666667,27.6125,14.138690476190476,88.4807269119769,78.80515873015872,43.93181818181818,14.129166666666666,0.0,26.89404761904762,77.54033119658119,14.44454365079365,41.738392857142856,17.181349206349207,12.766666666666666,169.9959780959781,5.540404040404041,33.81309523809524,4.583333333333333,39.23531746031746,90.34256854256854,48.11976634476635,13.95357142857143,10.577380952380953,27.708820346320344,9.133333333333333,0.0,0.0,160.55755772005773,18.416666666666664,3.208333333333333,8.0,28.07789987789988,84.4915404040404,32.208455433455434,17.617032967032966,10.5,3.7954545454545454,1.0333333333333332,0.25,7.326388888888889,4.076190476190476,0.0,130.38750000000002,112.35674603174604,23.4625,133.40358669108667,40.864285714285714,0.0
JPN,110.9225630753989,7.513863913863913,0.1428571428571428,85.07628541049593,18.945833333333336,18.244140989729225,5.533333333333333,4.5,28.478571428571428,27.44177489177489,7.96482683982684,37.65235597735598,1390.180208611128,6.988528138528138,60.45357142857143,372.1300886886384,4.661111111111111,6.08423141186299,3.136111111111111,67.1140628875955,6.276190476190477,9.30122655122655,6.233369408369408,1.2725940725940723,86.32301587301586,75.08669152484941,238.8623644873645,50.7215367965368,78.70483405483405,37.60515873015873,18.503968253968253,11.39320401820402,233.25519877296196,6.126190476190476,8.836446886446886,195.51388258478784,5.056349206349206,279.5332251082251,17.93531746031746,7.566666666666666,6.365873015873016,930.350109750071,18.976923076923075,233.41214969241287,30.739682539682537,22.14548872180451,229.7497641247641,68.59444444444445,2.3119047619047617,1.726190476190476,10.080555555555556,56.543065953654185,157.11868748210853,40.92465034965035,93.51589466089466,101.95330192683132,1.968986568986569,3.0595238095238093,457.664058352406,713.3135133249087,377.87399787060775,100.33783309685484,24.864459151959156,260.2258912135625,1.309523809523809,0.2337662337662337,98.06546231546233,140.10962305238618,116.33360006716784,54.01522366522367,62.738095238095234,0.9166666666666666,0.0,23.385425685425684,3.650093370681606,11.187009189640769,36.22843349460997,21.8,54.18880270056741,8.123268398268399,9.754989188657918,28.40959263397806,5.816666666666666,37.528185703185706,11.133333333333333,17.105171462524403,50.27579365079365,7.9,2.65,0.0,282.5312140473905,415.1185998169357,40.6013331439802,151.92721592133356,62.3037039757628,17.474206349206348,520.3142775095562,9.871062271062272,103.72321012321012,10.00436507936508,42.10733155733156,143.3504004329004,148.95543262293262,4.480357142857143,16.33953823953824,52.53537573537574,6.958333333333333,8.202380952380953,0.0,961.1927381997508,599.5150592876909,435.5429958929959,19.00277777777778,92.4198162948163,1210.483217347242,70.7738455988456,70.75932539682539,246.19403662056095,92.32072829131651,153.21030952901663,0.0,30.838492063492065,43.340873015873015,0.0,2086.8033092933324,544.7559623228509,174.0468253968254,1950.02045896741,297.509134531619,0.0
KOR,12.332251082251082,1.4166666666666663,0.5,11.44520757020757,0.0,2.3039682539682538,1.0,8.45,2.4166666666666665,16.186904761904763,3.991666666666666,64.12145909645909,239.977453129659,1.6444444444444444,15.194444444444445,64.68863451363451,0.1666666666666666,2.0,3.945238095238095,6.906837606837607,2.983333333333333,0.0,1.311111111111111,0.5142857142857141,5.001068376068376,7.333523665876607,15.897085757379877,3.6019607843137256,4.012454212454212,3.634126984126984,0.95,1.7,21.74169996669997,0.1111111111111111,0.0,17.21456598956599,0.0,2.92037037037037,2.4722222222222223,1.5,2.863131313131313,56.37341269841269,2.6666666666666665,14.266666666666666,16.181682206682204,3.066666666666667,21.77896825396825,7.916666666666666,0.8023809523809524,0.0,2.6666666666666665,19.417409442409443,20.49233914233914,19.253174603174603,13.827380952380947,12.86178266178266,0.0,0.1538461538461538,62.54105785282256,86.2721916971917,30.687627187627182,8.466788766788767,1.3777777777777778,64.82175724602195,0.0,0.0,13.791697191697192,15.211263736263737,16.77184065934066,5.180555555555555,3.6,0.5,0.0,8.845743145743146,0.7670995670995668,2.9341269841269844,0.4999999999999998,1.6,67.46413283241478,0.9393939393939392,1.669047619047619,0.2857142857142856,5.392857142857142,29.157936507936505,5.183333333333333,6.698412698412698,12.628030303030304,2.469047619047619,2.0,0.0,11.13888888888889,17.36190476190476,7.048412698412698,16.172619047619047,3.642857142857143,20.895238095238096,47.85808698154513,0.9423076923076924,28.07171717171717,1.6666666666666663,9.132142857142858,65.0758547008547,99.04662004662003,3.3981015313614438,2.861111111111111,10.06547619047619,3.691666666666667,0.5,0.0,122.99299295475768,124.30874591564248,64.35183982683982,1.0,10.423229548229548,414.6420093795094,6.073250360750361,17.83015873015873,107.2287449619346,25.984523809523804,41.838492063492055,0.0,4.666666666666667,5.966666666666667,0.0,728.6154746753886,86.76011904761904,24.14246031746032,1089.7470418470418,58.03928571428571,0.0
LUX,0.0,0.0,0.0,0.2857142857142857,1.0625,0.0416666666666666,0.0,0.0,0.0,0.0,0.0,2.0,2.247619047619048,0.0,0.0,0.0,0.05,0.0,0.0,0.1666666666666666,0.0,0.0,0.1333333333333333,0.0,0.0833333333333333,0.1666666666666666,0.4666666666666667,1.0416666666666663,0.1111111111111111,0.0625,0.0,0.2291666666666666,4.066666666666666,0.0,0.0,0.0666666666666666,0.0,0.0,0.0,0.0,1.0,4.433333333333334,0.5,0.0,0.5,0.0,0.25,0.0,0.0,0.0,0.0,0.0666666666666666,0.0666666666666666,0.0,0.2,0.0,0.0,0.0,0.0,4.325,0.2916666666666666,0.55,0.0,0.3,0.0,0.0,6.3875,0.4166666666666666,0.0,0.0,0.0,0.0,0.0,0.0,0.0,0.0,0.0833333333333333,0.0,0.1666666666666666,0.0,0.1666666666666666,0.0833333333333333,1.0,1.0,0.5,5.5,0.75,0.25,0.0,0.0,2.4375,0.3333333333333333,1.0,0.0666666666666666,0.0,0.0,0.8125,0.0,0.0,0.0,0.1,1.8333333333333333,0.1666666666666666,0.3875,7.195833333333333,1.5333333333333334,0.0,0.0,0.0,2.9,0.0,0.0,0.0,0.3222222222222222,1.0,0.8333333333333333,0.5,1.0,0.125,0.0,0.0,0.0,0.0,0.0,2.9166666666666665,0.0,0.0,2.208333333333333,0.7083333333333333,0.0
MEX,0.6666666666666666,1.0,0.0,2.5357142857142856,0.0,0.1,0.0,0.0,0.0,1.0,0.0,2.555555555555556,12.93095238095238,0.0,0.9333333333333332,1.6944444444444444,0.0,0.0,0.0,0.375,0.0,0.0,0.0,0.0,0.0,0.6000000000000001,0.125,0.0,0.0,0.0,0.0,0.0,0.6583333333333333,0.0,0.0,0.0,0.0,0.0,0.1666666666666666,0.0,1.0,1.5319444444444443,0.0,0.0,0.0,0.0,2.7,0.0,0.0,0.0,0.0,0.2499999999999999,0.2499999999999999,0.0,1.3333333333333333,1.1666666666666663,0.25,0.0,1.5,1.6666666666666663,1.3166666666666669,0.0,0.4999999999999999,1.8666666666666667,0.0,0.0,0.5833333333333333,0.0,0.0,0.0,0.0,0.0,0.0,0.0,0.0,0.0,0.05,0.0,0.3333333333333332,0.0,0.05,0.0,0.4,0.0,0.0,0.6000000000000001,0.0,0.0,0.0,0.0,1.6833333333333331,0.05,0.0,0.525,0.1,0.0,0.7333333333333334,0.0,0.1875,0.0,0.0,0.0,0.0,0.0,0.1666666666666666,0.0,0.0,0.0,0.0,4.5,1.4166666666666663,0.5,0.0,0.55,1.6666666666666663,0.0,0.5833333333333333,0.3333333333333333,0.1666666666666666,0.0,0.0,0.0,0.0,0.0,1.5833333333333333,0.625,0.0,0.5,0.0,0.0
NLD,109.52460317460316,8.077777777777778,18.298412698412697,66.6651312739548,1.0,1.5333333333333332,0.0,5.174242424242424,0.0,5.466666666666667,0.9,74.42969470046083,376.3769484886744,2.4625,18.27564935064935,103.74549131424132,0.837037037037037,3.6406926406926408,1.9333333333333331,8.053607503607504,0.3111111111111111,3.7916666666666665,2.6083333333333334,1.0,4.9550505050505045,2.780952380952381,8.58454785954786,5.733333333333333,3.521212121212121,12.85,1.1666666666666663,0.972222222222222,39.294963138713136,0.6,2.416017316017316,17.12498728123728,1.1222222222222222,10.317857142857145,3.866666666666666,3.0,1.2166666666666666,50.17804116433148,2.833333333333333,20.28611111111111,22.76428571428572,2.282258064516129,80.5662234590806,14.409523809523808,4.523412698412699,1.0,1.3472222222222223,8.922466158180443,13.749583749583753,18.78612221112221,8.44100529100529,8.94269943019943,6.328571428571428,0.0,80.28158550900423,74.7248319082878,27.39979157552687,33.78812576312576,12.567063492063491,92.21415313272898,1.348856209150327,0.0,4.097222222222221,4.701587301587302,14.00376984126984,2.355555555555556,0.1428571428571428,0.0,0.0,2.116414141414141,0.7898989898989899,2.4350358422939067,2.0164502164502163,0.4692780337941628,12.096939530004043,1.6363636363636362,2.246482728740793,4.712087912087912,18.891666666666666,24.03187229437229,15.759523809523808,46.22757936507936,10.944444444444445,14.149503968253969,18.54027777777777,0.0,6.386111111111111,7.331168831168831,18.480853174603176,12.556349206349209,12.499007936507937,3.883333333333333,62.91064121064121,6.872933415790559,72.17167178699437,3.208333333333333,8.54029304029304,25.39404761904762,8.952350427350426,3.119047619047618,1.5416666666666663,7.37492784992785,3.5666666666666664,1.0,0.0,225.71491462241465,57.26914478890286,19.19873393801965,3.5,9.720634920634922,167.61401154401153,6.125,17.927496159754224,27.84563492063492,11.477380952380951,6.194444444444445,0.0,32.81688034188034,7.007142857142857,0.0,175.3727478870336,55.15324675324676,33.458730158730155,250.10396825396825,107.31645021645022,0.0
NOR,7.604978354978355,0.4,0.5,8.60677583286279,0.0,0.0,0.0,0.0,0.0,3.838095238095239,1.2777777777777777,6.0,49.98963470104774,4.1,5.5,27.63145363408521,0.8333333333333333,0.5333333333333333,1.0,1.963636363636364,0.2499999999999999,1.3333333333333333,0.0,0.3333333333333333,0.3333333333333333,2.568627450980392,1.0890522875816993,1.125,1.4583333333333333,0.625,0.6720496894409937,1.0833333333333333,3.405957767722473,0.125,0.0769230769230769,1.0742753623188404,0.1764705882352941,0.0,0.0,0.0,0.0,3.5,0.0,1.0,30.640891177218407,3.0,6.7102564102564095,4.892857142857142,0.1666666666666666,0.0,1.7767676767676766,0.4712121212121212,4.739285714285714,4.55,0.0,2.023809523809524,0.5,0.0,10.821843434343434,4.865303657694962,4.433695652173913,3.549603174603174,1.8333333333333337,8.63452380952381,0.5,0.0,0.125,1.2222222222222223,0.1428571428571428,2.588888888888889,2.7857142857142856,0.6666666666666666,0.0,0.0,0.0,0.0,0.0,0.0,0.4365079365079365,0.0,0.0,0.75,3.95,6.169841269841269,1.5333333333333334,9.247619047619049,0.5,0.6666666666666666,49.86038961038962,0.0,4.0285714285714285,2.694444444444444,9.966017316017316,3.083333333333333,6.827056277056276,1.9,18.683333333333334,18.18688387635756,0.0,0.75,1.5527777777777778,2.75,0.481954887218045,1.0714285714285714,1.472222222222222,2.055555555555556,6.0,0.0,0.0,62.81565656565657,2.125,0.25,0.0,3.0350140056022408,15.073881673881674,1.4004329004329,0.0,2.8500000000000005,0.5,0.5,0.0,0.4559884559884559,0.25,0.0,14.867604617604616,11.870815295815296,3.0,20.605555555555554,2.163636363636364,0.0
NZL,9.183333333333334,0.125,0.5,4.74423076923077,0.0,0.0,0.0,0.0,0.0,0.8333333333333333,0.0,2.1666666666666665,25.550333519137865,0.8888888888888886,0.8333333333333333,1.75,1.0,0.0,0.0,0.6666666666666666,0.0,0.0,0.5,0.0,0.0,0.0,0.5,0.0,0.0,0.0,1.556547619047619,0.0,0.3968253968253966,0.0,0.0,1.7348484848484849,0.0,0.3333333333333333,0.0,0.0,0.0,5.360714285714286,0.4,2.166666666666667,0.8333333333333333,0.5,4.333333333333333,0.0,0.3333333333333333,0.0,0.0,0.125,0.5,1.0,0.0,0.25,0.5,0.0,4.38599126718692,2.6785714285714284,0.0,1.0,0.0,10.494444444444444,0.0,0.0,0.0,0.0,0.25,0.75,0.0,0.0,0.0,0.0,0.0,0.0,0.25,0.0,0.0,0.0,0.5,0.5,1.6666666666666663,2.6666666666666665,0.0,1.2291666666666663,0.0,0.0,0.0,0.0,0.7833333333333332,0.8,0.0,1.25,0.3333333333333332,0.0,3.611742424242424,0.0,0.0,0.3333333333333333,0.0,0.9,0.0,1.1041666666666663,0.0,0.0909090909090909,0.0,0.0,0.0,4.997222222222222,0.5,0.0,0.0,0.3999999999999999,6.200963718820861,0.0,0.1862244897959183,3.375,0.25,0.0,0.0,0.6375,0.0,0.0,4.328571428571429,8.752380952380951,0.25,1.8112244897959184,0.9333333333333332,0.0
POL,0.0,0.3333333333333333,0.0,3.1166666666666667,4.866666666666667,0.0,0.0,1.0,0.0,0.0,0.0,2.5,31.887779535491205,1.0,2.2,6.46439393939394,1.4,0.0,0.0,0.25,0.25,0.361111111111111,0.0,0.0,4.666666666666666,0.5,5.883333333333333,1.0,0.0,3.2,0.0,1.0,7.720695970695971,0.5,0.0,0.5,0.1666666666666666,0.5,0.2499999999999999,0.0,0.0,3.969444444444444,1.0,1.7,1.6357142857142857,1.8,4.527777777777778,0.2,0.0,0.0,0.0,1.4499999999999995,3.2025252525252523,0.0,0.0,1.0,0.0,0.0,15.19764614993448,5.166666666666666,1.2075757575757573,0.9166666666666666,0.0,6.192857142857142,0.0,0.0,1.6666666666666663,0.2,1.5833333333333333,1.0,0.15,0.0,0.0,1.0,0.125,0.25,0.6666666666666666,0.0,8.266666666666666,0.0,0.625,0.0,1.25,1.0,1.5,16.743589743589745,0.0,6.166666666666666,4.0,0.0,2.072222222222222,1.7666666666666666,1.4166666666666667,1.8916666666666664,0.9916666666666668,0.0,6.019444444444444,0.8888888888888888,1.5,1.2708333333333333,2.125,6.266666666666667,1.0,0.2,1.0833333333333333,5.9,0.0,1.0,0.0,10.998214285714283,5.8,0.25,0.0,1.1666666666666663,17.8984126984127,0.2499999999999999,1.0555555555555556,4.722222222222222,0.3333333333333333,0.0,0.0,0.0,0.0,0.0,10.9,8.25,0.0833333333333333,32.7,2.1666666666666665,0.0
PRT,0.5666666666666667,0.0,0.0,1.0,0.0,0.2,0.0,1.6666666666666663,0.0,0.0,0.0,1.0,11.83388888888889,0.25,0.6666666666666666,3.0,0.0,0.0,0.3333333333333333,0.2666666666666666,0.0,0.0,0.0,0.0,0.0,0.0,1.0,0.0,0.1666666666666666,0.0,0.75,0.0,3.3666666666666667,0.0,0.0,0.0,0.0,0.0,0.0,0.0,0.0,1.0,0.0,1.0,1.0,0.0,3.333333333333333,1.1666666666666663,0.25,0.0,0.0,0.4,0.3333333333333332,0.2666666666666666,0.0,0.0,0.0,0.0,2.892777777777777,1.0333333333333332,0.575,0.0,1.0,3.1833333333333336,0.1666666666666666,0.0,0.0,0.0,0.25,0.0,0.0,0.0,0.0,0.0,0.0,0.0,0.2,0.0,0.0,0.0,0.6000000000000001,0.0,0.125,0.0,2.4666666666666663,1.0,1.0,0.0,0.0,0.0,0.2,0.0,2.5,0.0,0.5,0.0,0.0,0.0,0.0,0.0,3.0,2.4833333333333334,0.0,0.0,0.0,0.1666666666666666,0.0,0.0,0.0,4.974242424242425,1.5,0.0,0.0,1.3333333333333333,3.75,1.0,0.0,0.0,0.0,0.0,0.0,0.0,0.1666666666666666,0.0,2.190909090909091,1.0,0.0,3.616666666666666,0.0833333333333333,0.0
ROU,0.0,0.0,0.0,1.0,0.0,1.0,0.0,0.0,0.0,0.0,0.0,0.0,1.25,0.1666666666666666,0.0,0.1,0.0,0.5,0.0,0.0,0.0,0.0,0.0,0.0555555555555555,0.0,0.0,0.0,0.0,1.25,0.0,0.0,0.0,0.0,0.0,0.0,0.0,0.0,0.0,0.0,0.0,0.0,2.0,1.0,0.0,0.0,0.0,0.0625,0.0,0.0,0.0,0.6000000000000001,0.6,0.0,0.3333333333333333,0.0,0.0,0.0,0.0,0.0,2.5,0.5,0.0,0.0,1.0,0.0,0.0,0.0,0.7777777777777777,0.0,0.3333333333333333,0.0,0.0,0.0,0.0,0.0,0.1875,0.0,0.0,0.0,0.0,0.0,0.0,0.0,0.0,0.0,0.0,0.0,0.0,0.0,0.0,0.5,0.0,0.5,0.0,0.0,0.0,1.0,0.0,0.0,0.0,0.1666666666666666,0.0,0.0,0.0,0.0,0.0,0.0,0.0,0.0,4.116666666666666,0.0,0.0,0.0,0.25,4.116666666666666,0.0,0.0,1.0,1.0,0.0,0.0,0.0,0.0,0.0,1.25,0.0,0.3333333333333333,3.3,1.0,0.0
RUS,2.7805555555555554,0.0,0.0,7.089393939393938,0.0,0.4444444444444444,0.0,0.6666666666666666,0.0,0.0,0.0,1.0,39.53150553150553,1.9455128205128205,3.333333333333333,13.29956140350877,1.5,0.0,0.0,0.087037037037037,0.0,0.0,0.0,0.1666666666666666,0.0,0.3333333333333333,2.5,0.0,0.0,0.0,0.1428571428571428,0.3333333333333333,1.5094017094017094,0.0,0.0,1.2142857142857142,0.0,0.1666666666666666,0.6666666666666665,0.0,0.0,2.1916666666666664,0.4,0.0,0.6000000000000001,3.083333333333333,2.0,1.0,0.0,0.0,0.0,1.2103174603174602,1.5763227513227511,4.275,0.3,2.3703703703703702,1.0,0.0,12.439682539682538,6.628055555555555,1.4733333333333332,4.555116959064328,0.3333333333333332,7.590079365079365,0.0,0.0,1.0,3.291666666666666,0.137037037037037,0.0,1.4166666666666663,0.0,0.0,0.4,0.0,0.0,0.0,0.0,0.2,0.7142857142857142,0.0,0.3333333333333332,0.0,0.75,0.0,4.811904761904762,1.6666666666666663,0.8333333333333333,4.416666666666667,0.0,0.9833333333333332,2.583333333333333,1.7333333333333334,0.375,1.0666666666666669,1.6666666666666663,3.333333333333333,0.6923076923076923,3.0,0.0,1.5,0.3666666666666666,1.3333333333333333,3.0,1.3333333333333333,0.1666666666666666,0.0,0.0,0.0,25.863888888888887,2.269047619047619,0.3714285714285713,0.0,1.2833333333333332,27.29345238095238,3.5666666666666664,0.5,0.6666666666666665,3.25,2.333333333333333,0.0,0.3619047619047618,1.2357142857142858,0.0,18.67281746031746,4.9,2.1666666666666665,11.56281925050722,1.1333333333333335,0.0
SVN,1.0,0.0384615384615384,0.0,2.346153846153846,1.0,0.0,0.0,1.7666666666666668,0.0,0.0,0.0,7.899999999999999,25.19401709401709,0.0,1.0,3.125,0.0,0.0,0.0,0.0,0.0,0.0,0.0,0.0,0.0,0.0,2.0,0.0,0.0,0.0,0.0,0.0,0.2333333333333333,0.0,0.0,0.0,0.0,0.0833333333333333,0.0,0.0,0.0,0.4047619047619047,0.0,0.0,0.0,0.0,0.0,1.0,0.0,0.0,0.0,0.0,0.95,1.0,0.0,0.0,0.0,0.0,14.621296296296292,0.2,0.2,0.0,0.0,2.8824786324786325,0.0,0.0,0.0,0.0,0.0,0.0,0.0,0.0,0.0,0.0,0.0,0.0,0.0,0.0,1.0,0.0,0.0,0.0,1.0,0.0,1.0,2.5,4.0,2.5,0.0,0.0,0.0,0.5833333333333333,0.0,0.0,0.0,0.0714285714285714,3.0,0.0,2.0166666666666666,0.0,3.452380952380952,0.8619047619047617,1.5,0.0,0.0,0.7857142857142857,0.0,0.0,0.0,5.406084656084655,0.0,0.0,1.0,0.5,5.05,2.0,0.0,0.6,0.0,0.0,0.0,0.5,0.0,0.0,5.4833333333333325,1.5833333333333333,0.5,1.6666666666666667,1.3333333333333333,0.0
SWE,35.40790598290599,0.8333333333333333,0.0,7.844024725274725,1.625,1.45,0.5,0.8291666666666667,3.083333333333333,1.5555555555555554,0.0,58.336706349206345,233.34725674837964,3.708333333333333,17.023015873015872,50.6681166056166,4.875,4.61978021978022,7.697496947496947,2.5021825396825395,0.0,1.0,4.783333333333333,0.0,5.680494505494505,12.498637473637473,47.74004884004884,1.2,16.61372277593208,4.881349206349205,5.048636991028295,2.3666666666666663,14.513231107660456,1.8385416666666663,5.863095238095238,16.492800406115624,1.0428571428571427,3.633333333333333,1.3166666666666669,0.0,3.8119047619047617,104.75248932354197,3.7,32.17475857475858,10.405072463768116,5.442857142857143,49.693530020703925,15.32063492063492,3.577777777777778,0.0,1.1428571428571428,3.845138888888888,5.008531746031746,12.766422466422464,0.3472222222222222,2.1011904761904763,1.35,0.0,28.947604967228237,23.942473709865016,6.093219461697722,7.688888888888889,2.9134615384615383,39.92019526924989,0.4791666666666665,0.0,3.0355089355089357,13.037642912642912,6.041269841269841,3.055555555555556,0.0,0.15,0.0,0.2361111111111111,0.0,2.7405753968253967,0.8540750915750914,0.0,2.3860805860805856,0.0,0.7222222222222221,29.49420856920857,5.916666666666667,7.594444444444444,3.2,30.05027472527473,26.21190476190476,9.878571428571428,9.751190476190477,0.0,26.97899877899878,15.243650793650792,7.455357142857142,8.670833333333333,7.522023809523809,10.584523809523809,84.12584067978804,1.75,3.8916666666666666,1.25,6.613690476190476,29.20674603174603,5.7333333333333325,2.071428571428571,1.9,17.575,8.75,2.0,0.0,110.3084854887095,16.906998556998555,6.448015873015873,0.0,17.172960502030268,156.569476765065,16.25952380952381,14.502871148459384,7.664285714285715,18.128232959850607,2.5166666666666666,0.0,5.202380952380952,5.519047619047619,0.0,87.64422105672105,77.55140415140416,29.57859477124183,582.2394589887236,25.16468253968254,0.0
TUR,2.2,0.5,0.0,6.333333333333334,0.0,0.0,0.0,0.0,0.0,0.0,0.0,31.15119047619048,72.78253325621748,0.0,2.0,1.4166666666666663,0.25,0.0,0.0,0.75,0.0,0.0,0.0,0.0,0.25,0.0,1.0,0.0,0.0,0.0,0.0,0.5,1.9139654463183875,2.5,1.0,0.9709447415329768,0.0,0.0,0.2,0.2,1.3333333333333333,9.019191919191918,1.0,1.0,1.0,0.5,8.9,0.5,0.3333333333333333,0.0,0.0,0.4880952380952379,0.0972222222222222,3.0,0.25,1.8333333333333333,0.0,0.5,5.950067476383266,2.3835961424196714,0.0722222222222222,0.0,0.2,0.6126373626373626,0.0,0.0,0.0,0.0,1.5833333333333333,0.0,0.0,0.0,0.0,2.443822843822844,0.1696969696969696,0.0363636363636362,1.0,0.5,33.70238095238095,0.0,0.0,0.0,1.0,0.1428571428571428,3.0,2.9761904761904763,7.816666666666666,3.666666666666667,0.0,0.0,0.5,0.5,1.4166666666666663,4.666666666666667,0.5833333333333333,0.0,4.666666666666666,0.0,0.4285714285714285,0.0,2.083333333333333,18.567857142857143,27.129761904761903,1.0,0.0,3.5654761904761907,1.0,0.5,0.0,6.333333333333333,0.6,0.25,0.0,1.5,9.5,0.8333333333333333,0.5928571428571427,2.083333333333333,0.5,0.1,0.0,0.0,0.0,0.0,5.15249766573296,9.1,2.575,19.23333333333333,2.5,0.0
USA,356.8024926693004,15.204071773636992,4.2663059163059165,188.39553377195344,21.179761904761904,43.602848703584,7.351028138528139,55.49069103554398,16.421405228758168,63.873571471851285,22.870238095238097,164.16030647664965,5382.01093432139,40.59029581529582,215.5196039770343,554.7018000713679,16.94090909090909,10.466149591149591,8.20501443001443,110.6801778975231,7.577758132956153,9.652380952380952,20.092885607344563,2.969480519480519,35.99424603174603,65.24906527511017,176.3747662060162,51.86552146683725,66.79564951256663,47.42711734950641,13.918174142642227,12.264869281045751,264.9285215854995,6.871905239368474,27.25330008156095,214.1027049476825,13.564109260304912,144.4289819813178,13.297420634920636,4.429166666666666,10.207175177763412,341.5067736809383,12.583333333333332,76.61960305489717,36.15448476254928,141.90238268294027,407.0591959478679,41.2786389049547,24.97058913308913,1.8333333333333333,26.78380647130647,78.94146259836192,126.95960965011892,92.5978087931391,72.38348332929378,98.14985313839102,12.441955266955269,3.064285714285714,959.4057481695314,688.3099036518419,347.0811954794921,246.36190639515576,110.77545726318304,777.8840994552613,7.056915715003949,1.0714285714285712,16.633766233766234,78.25593436777648,134.68772004589673,32.5629049255689,23.078359548947784,5.764378676878676,0.0,21.427688056697345,5.168616617300827,8.754075055061897,24.73565223834628,4.476455026455026,43.19811569062103,4.02893217893218,15.385501357947176,65.56241328081113,27.908283383283383,43.19834229390681,25.835714285714285,65.38033238024354,51.49563492063492,28.18311741363212,324.66288080987863,0.0,267.1356451294018,204.6285531237264,83.15425094052993,123.00401595845672,173.4838911729948,32.83696164169289,474.3057474502143,20.540064102564106,111.37919626669628,17.77225391252173,134.73132654712612,110.90157848475076,121.98447738752624,15.067496392496391,11.899242424242424,77.7058395855729,51.79901583091238,27.488587848932674,0.0,1559.0569150289946,385.4722156006337,165.0532659738017,5.0019230769230765,156.45912124625127,2254.6920520790345,88.55954697349434,128.65766781293453,154.22862020934002,83.16209854959854,160.5407785025432,0.0,199.9957811080341,62.549007936507934,0.0,1510.7237003786788,399.0439143405696,255.66850614784704,2976.3456356907,234.8057865478208,0.0
ZAF,1.3,0.0,0.3333333333333332,1.1666666666666663,4.333333333333333,0.0,0.0,1.0,0.0,0.0,0.6000000000000001,5.0,13.566666666666666,0.2,0.0,3.3544372294372296,0.0,0.0,0.0,0.3333333333333333,0.0,0.0,0.0,0.0,0.0,1.857142857142857,0.0333333333333333,1.1235930735930737,0.0,0.0,0.0,0.0,0.0,0.0,0.3333333333333333,0.0,0.0,0.0,0.0,0.0,0.0,3.991666666666666,0.0,1.0,0.2,1.0,4.066666666666666,0.3333333333333333,0.6666666666666666,0.0,0.0,0.25,2.344047619047619,0.25,0.0,1.5023809523809524,0.1,2.0,4.383333333333333,0.625,0.7345238095238094,1.3392857142857144,0.0,4.9,0.0,0.0,0.0,3.771645021645021,0.2398268398268398,1.5,0.0,0.0,0.0,0.0,0.0,0.0,0.0,0.0,0.0,0.0,0.0,0.0,0.0,0.6,1.0,0.0,0.2,0.0,2.2807359307359305,0.0,0.0714285714285714,0.3095238095238094,0.0,0.0,0.0,0.0,1.525,0.25,0.0,0.0,0.0,0.75,0.0,0.375,0.0,0.0,0.0,2.0,0.0,2.4,0.2,0.0,0.0,0.1666666666666666,3.25,3.6666666666666665,0.5,0.0,1.0,0.0,0.0,0.0,0.8214285714285714,0.0,4.758333333333333,2.125,0.0,1.1,0.0,0.0
